datetime,births,year,month,day,day_of_week
1974-01-01,7002.0,1974,1,1,1
1974-01-02,7809.0,1974,1,2,2
1974-01-03,8377.0,1974,1,3,3
1974-01-04,8851.0,1974,1,4,4
1974-01-05,7827.0,1974,1,5,5
1974-01-06,7093.0,1974,1,6,6
1974-01-07,8623.0,1974,1,7,0
1974-01-08,8786.0,1974,1,8,1
1974-01-09,8346.0,1974,1,9,2
1974-01-10,8682.0,1974,1,10,3
1974-01-11,9044.0,1974,1,11,4
1974-01-12,7769.0,1974,1,12,5
1974-01-13,7352.0,1974,1,13,6
1974-01-14,8796.0,1974,1,14,0
1974-01-15,8939.0,1974,1,15,1
1974-01-16,8732.0,1974,1,16,2
1974-01-17,8604.0,1974,1,17,3
1974-01-18,8971.0,1974,1,18,4
1974-01-19,7751.0,1974,1,19,5
1974-01-20,7479.0,1974,1,20,6
1974-01-21,9058.0,1974,1,21,0
1974-01-22,8767.0,1974,1,22,1
1974-01-23,8457.0,1974,1,23,2
1974-01-24,8692.0,1974,1,24,3
1974-01-25,8690.0,1974,1,25,4
1974-01-26,7799.0,1974,1,26,5
1974-01-27,7541.0,1974,1,27,6
1974-01-28,8462.0,1974,1,28,0
1974-01-29,8911.0,1974,1,29,1
1974-01-30,8439.0,1974,1,30,2
1974-01-31,8620.0,1974,1,31,3
1974-02-01,8768.0,1974,2,1,4
1974-02-02,7853.0,1974,2,2,5
1974-02-03,7432.0,1974,2,3,6
1974-02-04,8651.0,1974,2,4,0
1974-02-05,8892.0,1974,2,5,1
1974-02-06,8792.0,1974,2,6,2
1974-02-07,8705.0,1974,2,7,3
1974-02-08,8822.0,1974,2,8,4
1974-02-09,7692.0,1974,2,9,5
1974-02-10,7150.0,1974,2,10,6
1974-02-11,8766.0,1974,2,11,0
1974-02-12,8924.0,1974,2,12,1
1974-02-13,8808.0,1974,2,13,2
1974-02-14,8895.0,1974,2,14,3
1974-02-15,9034.0,1974,2,15,4
1974-02-16,7939.0,1974,2,16,5
1974-02-17,7456.0,1974,2,17,6
1974-02-18,8637.0,1974,2,18,0
1974-02-19,9016.0,1974,2,19,1
1974-02-20,8909.0,1974,2,20,2
1974-02-21,8748.0,1974,2,21,3
1974-02-22,9060.0,1974,2,22,4
1974-02-23,8151.0,1974,2,23,5
1974-02-24,7558.0,1974,2,24,6
1974-02-25,8512.0,1974,2,25,0
1974-02-26,8856.0,1974,2,26,1
1974-02-27,8710.0,1974,2,27,2
1974-02-28,8534.0,1974,2,28,3
1974-03-01,8917.0,1974,3,1,4
1974-03-02,8083.0,1974,3,2,5
1974-03-03,7650.0,1974,3,3,6
1974-03-04,8890.0,1974,3,4,0
1974-03-05,9270.0,1974,3,5,1
1974-03-06,8686.0,1974,3,6,2
1974-03-07,8640.0,1974,3,7,3
1974-03-08,8964.0,1974,3,8,4
1974-03-09,7950.0,1974,3,9,5
1974-03-10,7417.0,1974,3,10,6
1974-03-11,8837.0,1974,3,11,0
1974-03-12,8884.0,1974,3,12,1
1974-03-13,8507.0,1974,3,13,2
1974-03-14,8402.0,1974,3,14,3
1974-03-15,8890.0,1974,3,15,4
1974-03-16,7834.0,1974,3,16,5
1974-03-17,7226.0,1974,3,17,6
1974-03-18,8694.0,1974,3,18,0
1974-03-19,8978.0,1974,3,19,1
1974-03-20,8455.0,1974,3,20,2
1974-03-21,8400.0,1974,3,21,3
1974-03-22,8668.0,1974,3,22,4
1974-03-23,7773.0,1974,3,23,5
1974-03-24,7034.0,1974,3,24,6
1974-03-25,8570.0,1974,3,25,0
1974-03-26,8756.0,1974,3,26,1
1974-03-27,8515.0,1974,3,27,2
1974-03-28,8461.0,1974,3,28,3
1974-03-29,8639.0,1974,3,29,4
1974-03-30,7526.0,1974,3,30,5
1974-03-31,7305.0,1974,3,31,6
1974-04-01,8550.0,1974,4,1,0
1974-04-02,9148.0,1974,4,2,1
1974-04-03,8571.0,1974,4,3,2
1974-04-04,8517.0,1974,4,4,3
1974-04-05,8656.0,1974,4,5,4
1974-04-06,7455.0,1974,4,6,5
1974-04-07,7051.0,1974,4,7,6
1974-04-08,8436.0,1974,4,8,0
1974-04-09,8917.0,1974,4,9,1
1974-04-10,8446.0,1974,4,10,2
1974-04-11,8259.0,1974,4,11,3
1974-04-12,8386.0,1974,4,12,4
1974-04-13,7609.0,1974,4,13,5
1974-04-14,7032.0,1974,4,14,6
1974-04-15,8342.0,1974,4,15,0
1974-04-16,8615.0,1974,4,16,1
1974-04-17,8602.0,1974,4,17,2
1974-04-18,8333.0,1974,4,18,3
1974-04-19,8587.0,1974,4,19,4
1974-04-20,7480.0,1974,4,20,5
1974-04-21,7208.0,1974,4,21,6
1974-04-22,8497.0,1974,4,22,0
1974-04-23,9035.0,1974,4,23,1
1974-04-24,8665.0,1974,4,24,2
1974-04-25,8556.0,1974,4,25,3
1974-04-26,8762.0,1974,4,26,4
1974-04-27,7490.0,1974,4,27,5
1974-04-28,7055.0,1974,4,28,6
1974-04-29,8332.0,1974,4,29,0
1974-04-30,8677.0,1974,4,30,1
1974-05-01,8574.0,1974,5,1,2
1974-05-02,8238.0,1974,5,2,3
1974-05-03,8660.0,1974,5,3,4
1974-05-04,7384.0,1974,5,4,5
1974-05-05,6928.0,1974,5,5,6
1974-05-06,8317.0,1974,5,6,0
1974-05-07,8886.0,1974,5,7,1
1974-05-08,8484.0,1974,5,8,2
1974-05-09,8525.0,1974,5,9,3
1974-05-10,8595.0,1974,5,10,4
1974-05-11,7710.0,1974,5,11,5
1974-05-12,7086.0,1974,5,12,6
1974-05-13,8639.0,1974,5,13,0
1974-05-14,8886.0,1974,5,14,1
1974-05-15,9020.0,1974,5,15,2
1974-05-16,8630.0,1974,5,16,3
1974-05-17,8873.0,1974,5,17,4
1974-05-18,7667.0,1974,5,18,5
1974-05-19,6896.0,1974,5,19,6
1974-05-20,8793.0,1974,5,20,0
1974-05-21,9061.0,1974,5,21,1
1974-05-22,8776.0,1974,5,22,2
1974-05-23,8577.0,1974,5,23,3
1974-05-24,8924.0,1974,5,24,4
1974-05-25,7593.0,1974,5,25,5
1974-05-26,6932.0,1974,5,26,6
1974-05-27,7460.0,1974,5,27,0
1974-05-28,8570.0,1974,5,28,1
1974-05-29,9063.0,1974,5,29,2
1974-05-30,8958.0,1974,5,30,3
1974-05-31,9050.0,1974,5,31,4
1974-06-01,7448.0,1974,6,1,5
1974-06-02,7046.0,1974,6,2,6
1974-06-03,8314.0,1974,6,3,0
1974-06-04,8910.0,1974,6,4,1
1974-06-05,8737.0,1974,6,5,2
1974-06-06,8599.0,1974,6,6,3
1974-06-07,9110.0,1974,6,7,4
1974-06-08,7471.0,1974,6,8,5
1974-06-09,7181.0,1974,6,9,6
1974-06-10,8939.0,1974,6,10,0
1974-06-11,8754.0,1974,6,11,1
1974-06-12,8603.0,1974,6,12,2
1974-06-13,8456.0,1974,6,13,3
1974-06-14,8898.0,1974,6,14,4
1974-06-15,7666.0,1974,6,15,5
1974-06-16,7211.0,1974,6,16,6
1974-06-17,8676.0,1974,6,17,0
1974-06-18,9016.0,1974,6,18,1
1974-06-19,8864.0,1974,6,19,2
1974-06-20,8833.0,1974,6,20,3
1974-06-21,9364.0,1974,6,21,4
1974-06-22,8003.0,1974,6,22,5
1974-06-23,7162.0,1974,6,23,6
1974-06-24,8503.0,1974,6,24,0
1974-06-25,9038.0,1974,6,25,1
1974-06-26,8999.0,1974,6,26,2
1974-06-27,8882.0,1974,6,27,3
1974-06-28,9089.0,1974,6,28,4
1974-06-29,8011.0,1974,6,29,5
1974-06-30,7531.0,1974,6,30,6
1974-07-01,9216.0,1974,7,1,0
1974-07-02,9923.0,1974,7,2,1
1974-07-03,9693.0,1974,7,3,2
1974-07-04,7924.0,1974,7,4,3
1974-07-05,9051.0,1974,7,5,4
1974-07-06,8285.0,1974,7,6,5
1974-07-07,7626.0,1974,7,7,6
1974-07-08,9472.0,1974,7,8,0
1974-07-09,9860.0,1974,7,9,1
1974-07-10,9423.0,1974,7,10,2
1974-07-11,9218.0,1974,7,11,3
1974-07-12,9283.0,1974,7,12,4
1974-07-13,8228.0,1974,7,13,5
1974-07-14,7605.0,1974,7,14,6
1974-07-15,9267.0,1974,7,15,0
1974-07-16,9697.0,1974,7,16,1
1974-07-17,9419.0,1974,7,17,2
1974-07-18,9122.0,1974,7,18,3
1974-07-19,9523.0,1974,7,19,4
1974-07-20,8471.0,1974,7,20,5
1974-07-21,7433.0,1974,7,21,6
1974-07-22,9314.0,1974,7,22,0
1974-07-23,10110.0,1974,7,23,1
1974-07-24,9327.0,1974,7,24,2
1974-07-25,9263.0,1974,7,25,3
1974-07-26,9574.0,1974,7,26,4
1974-07-27,8492.0,1974,7,27,5
1974-07-28,7872.0,1974,7,28,6
1974-07-29,9454.0,1974,7,29,0
1974-07-30,9821.0,1974,7,30,1
1974-07-31,9591.0,1974,7,31,2
1974-08-01,9707.0,1974,8,1,3
1974-08-02,9636.0,1974,8,2,4
1974-08-03,8470.0,1974,8,3,5
1974-08-04,7813.0,1974,8,4,6
1974-08-05,9124.0,1974,8,5,0
1974-08-06,9967.0,1974,8,6,1
1974-08-07,9616.0,1974,8,7,2
1974-08-08,9550.0,1974,8,8,3
1974-08-09,9696.0,1974,8,9,4
1974-08-10,8431.0,1974,8,10,5
1974-08-11,7724.0,1974,8,11,6
1974-08-12,9643.0,1974,8,12,0
1974-08-13,10213.0,1974,8,13,1
1974-08-14,9586.0,1974,8,14,2
1974-08-15,9825.0,1974,8,15,3
1974-08-16,9835.0,1974,8,16,4
1974-08-17,8556.0,1974,8,17,5
1974-08-18,8073.0,1974,8,18,6
1974-08-19,9582.0,1974,8,19,0
1974-08-20,10153.0,1974,8,20,1
1974-08-21,9711.0,1974,8,21,2
1974-08-22,9335.0,1974,8,22,3
1974-08-23,9795.0,1974,8,23,4
1974-08-24,8486.0,1974,8,24,5
1974-08-25,7854.0,1974,8,25,6
1974-08-26,9556.0,1974,8,26,0
1974-08-27,10075.0,1974,8,27,1
1974-08-28,9599.0,1974,8,28,2
1974-08-29,9544.0,1974,8,29,3
1974-08-30,9780.0,1974,8,30,4
1974-08-31,8537.0,1974,8,31,5
1974-09-01,7909.0,1974,9,1,6
1974-09-02,7969.0,1974,9,2,0
1974-09-03,9471.0,1974,9,3,1
1974-09-04,9980.0,1974,9,4,2
1974-09-05,9581.0,1974,9,5,3
1974-09-06,9727.0,1974,9,6,4
1974-09-07,8550.0,1974,9,7,5
1974-09-08,7889.0,1974,9,8,6
1974-09-09,9796.0,1974,9,9,0
1974-09-10,10074.0,1974,9,10,1
1974-09-11,9797.0,1974,9,11,2
1974-09-12,9832.0,1974,9,12,3
1974-09-13,9868.0,1974,9,13,4
1974-09-14,8869.0,1974,9,14,5
1974-09-15,8266.0,1974,9,15,6
1974-09-16,10050.0,1974,9,16,0
1974-09-17,10275.0,1974,9,17,1
1974-09-18,10033.0,1974,9,18,2
1974-09-19,9982.0,1974,9,19,3
1974-09-20,10324.0,1974,9,20,4
1974-09-21,9004.0,1974,9,21,5
1974-09-22,8622.0,1974,9,22,6
1974-09-23,10137.0,1974,9,23,0
1974-09-24,10375.0,1974,9,24,1
1974-09-25,10043.0,1974,9,25,2
1974-09-26,10129.0,1974,9,26,3
1974-09-27,10288.0,1974,9,27,4
1974-09-28,9243.0,1974,9,28,5
1974-09-29,8585.0,1974,9,29,6
1974-09-30,9975.0,1974,9,30,0
1974-10-01,10264.0,1974,10,1,1
1974-10-02,9895.0,1974,10,2,2
1974-10-03,9767.0,1974,10,3,3
1974-10-04,9842.0,1974,10,4,4
1974-10-05,8693.0,1974,10,5,5
1974-10-06,8092.0,1974,10,6,6
1974-10-07,9756.0,1974,10,7,0
1974-10-08,9808.0,1974,10,8,1
1974-10-09,9505.0,1974,10,9,2
1974-10-10,9695.0,1974,10,10,3
1974-10-11,9717.0,1974,10,11,4
1974-10-12,8335.0,1974,10,12,5
1974-10-13,7767.0,1974,10,13,6
1974-10-14,9205.0,1974,10,14,0
1974-10-15,9572.0,1974,10,15,1
1974-10-16,9211.0,1974,10,16,2
1974-10-17,9311.0,1974,10,17,3
1974-10-18,9453.0,1974,10,18,4
1974-10-19,8186.0,1974,10,19,5
1974-10-20,7472.0,1974,10,20,6
1974-10-21,9013.0,1974,10,21,0
1974-10-22,9327.0,1974,10,22,1
1974-10-23,8965.0,1974,10,23,2
1974-10-24,8792.0,1974,10,24,3
1974-10-25,9199.0,1974,10,25,4
1974-10-26,8274.0,1974,10,26,5
1974-10-27,7880.0,1974,10,27,6
1974-10-28,8874.0,1974,10,28,0
1974-10-29,9355.0,1974,10,29,1
1974-10-30,9127.0,1974,10,30,2
1974-10-31,8913.0,1974,10,31,3
1974-11-01,9198.0,1974,11,1,4
1974-11-02,8055.0,1974,11,2,5
1974-11-03,7567.0,1974,11,3,6
1974-11-04,8974.0,1974,11,4,0
1974-11-05,9500.0,1974,11,5,1
1974-11-06,9051.0,1974,11,6,2
1974-11-07,8819.0,1974,11,7,3
1974-11-08,8975.0,1974,11,8,4
1974-11-09,7806.0,1974,11,9,5
1974-11-10,7519.0,1974,11,10,6
1974-11-11,9223.0,1974,11,11,0
1974-11-12,9274.0,1974,11,12,1
1974-11-13,8913.0,1974,11,13,2
1974-11-14,9061.0,1974,11,14,3
1974-11-15,9241.0,1974,11,15,4
1974-11-16,7804.0,1974,11,16,5
1974-11-17,7471.0,1974,11,17,6
1974-11-18,9217.0,1974,11,18,0
1974-11-19,9427.0,1974,11,19,1
1974-11-20,9234.0,1974,11,20,2
1974-11-21,9035.0,1974,11,21,3
1974-11-22,9076.0,1974,11,22,4
1974-11-23,8103.0,1974,11,23,5
1974-11-24,7545.0,1974,11,24,6
1974-11-25,8838.0,1974,11,25,0
1974-11-26,9488.0,1974,11,26,1
1974-11-27,9047.0,1974,11,27,2
1974-11-28,7294.0,1974,11,28,3
1974-11-29,8424.0,1974,11,29,4
1974-11-30,7727.0,1974,11,30,5
1974-12-01,7569.0,1974,12,1,6
1974-12-02,9259.0,1974,12,2,0
1974-12-03,9539.0,1974,12,3,1
1974-12-04,9072.0,1974,12,4,2
1974-12-05,8935.0,1974,12,5,3
1974-12-06,9043.0,1974,12,6,4
1974-12-07,7969.0,1974,12,7,5
1974-12-08,7668.0,1974,12,8,6
1974-12-09,8970.0,1974,12,9,0
1974-12-10,9212.0,1974,12,10,1
1974-12-11,9043.0,1974,12,11,2
1974-12-12,9045.0,1974,12,12,3
1974-12-13,8751.0,1974,12,13,4
1974-12-14,7845.0,1974,12,14,5
1974-12-15,7505.0,1974,12,15,6
1974-12-16,9188.0,1974,12,16,0
1974-12-17,9640.0,1974,12,17,1
1974-12-18,9403.0,1974,12,18,2
1974-12-19,9344.0,1974,12,19,3
1974-12-20,9453.0,1974,12,20,4
1974-12-21,7840.0,1974,12,21,5
1974-12-22,7077.0,1974,12,22,6
1974-12-23,8086.0,1974,12,23,0
1974-12-24,7538.0,1974,12,24,1
1974-12-25,6820.0,1974,12,25,2
1974-12-26,8463.0,1974,12,26,3
1974-12-27,9603.0,1974,12,27,4
1974-12-28,8224.0,1974,12,28,5
1974-12-29,7383.0,1974,12,29,6
1974-12-30,9641.0,1974,12,30,0
1974-12-31,9637.0,1974,12,31,1
1975-01-01,7028.0,1975,1,1,2
1975-01-02,7873.0,1975,1,2,3
1975-01-03,8425.0,1975,1,3,4
1975-01-04,7670.0,1975,1,4,5
1975-01-05,7250.0,1975,1,5,6
1975-01-06,8426.0,1975,1,6,0
1975-01-07,8792.0,1975,1,7,1
1975-01-08,8416.0,1975,1,8,2
1975-01-09,8461.0,1975,1,9,3
1975-01-10,8852.0,1975,1,10,4
1975-01-11,7928.0,1975,1,11,5
1975-01-12,7240.0,1975,1,12,6
1975-01-13,8619.0,1975,1,13,0
1975-01-14,9188.0,1975,1,14,1
1975-01-15,8893.0,1975,1,15,2
1975-01-16,8636.0,1975,1,16,3
1975-01-17,9012.0,1975,1,17,4
1975-01-18,7876.0,1975,1,18,5
1975-01-19,7448.0,1975,1,19,6
1975-01-20,8902.0,1975,1,20,0
1975-01-21,9102.0,1975,1,21,1
1975-01-22,8558.0,1975,1,22,2
1975-01-23,8747.0,1975,1,23,3
1975-01-24,8771.0,1975,1,24,4
1975-01-25,8077.0,1975,1,25,5
1975-01-26,7708.0,1975,1,26,6
1975-01-27,8783.0,1975,1,27,0
1975-01-28,9149.0,1975,1,28,1
1975-01-29,8900.0,1975,1,29,2
1975-01-30,8617.0,1975,1,30,3
1975-01-31,8677.0,1975,1,31,4
1975-02-01,7699.0,1975,2,1,5
1975-02-02,7316.0,1975,2,2,6
1975-02-03,8881.0,1975,2,3,0
1975-02-04,9093.0,1975,2,4,1
1975-02-05,8829.0,1975,2,5,2
1975-02-06,8425.0,1975,2,6,3
1975-02-07,8969.0,1975,2,7,4
1975-02-08,7852.0,1975,2,8,5
1975-02-09,7564.0,1975,2,9,6
1975-02-10,8733.0,1975,2,10,0
1975-02-11,9126.0,1975,2,11,1
1975-02-12,8948.0,1975,2,12,2
1975-02-13,8762.0,1975,2,13,3
1975-02-14,9219.0,1975,2,14,4
1975-02-15,7997.0,1975,2,15,5
1975-02-16,7545.0,1975,2,16,6
1975-02-17,8373.0,1975,2,17,0
1975-02-18,9232.0,1975,2,18,1
1975-02-19,8796.0,1975,2,19,2
1975-02-20,8984.0,1975,2,20,3
1975-02-21,8919.0,1975,2,21,4
1975-02-22,7917.0,1975,2,22,5
1975-02-23,7277.0,1975,2,23,6
1975-02-24,8854.0,1975,2,24,0
1975-02-25,9150.0,1975,2,25,1
1975-02-26,8820.0,1975,2,26,2
1975-02-27,8541.0,1975,2,27,3
1975-02-28,8974.0,1975,2,28,4
1975-03-01,7921.0,1975,3,1,5
1975-03-02,7387.0,1975,3,2,6
1975-03-03,8963.0,1975,3,3,0
1975-03-04,9037.0,1975,3,4,1
1975-03-05,8854.0,1975,3,5,2
1975-03-06,8840.0,1975,3,6,3
1975-03-07,9055.0,1975,3,7,4
1975-03-08,7804.0,1975,3,8,5
1975-03-09,7146.0,1975,3,9,6
1975-03-10,8568.0,1975,3,10,0
1975-03-11,9239.0,1975,3,11,1
1975-03-12,8933.0,1975,3,12,2
1975-03-13,8610.0,1975,3,13,3
1975-03-14,9098.0,1975,3,14,4
1975-03-15,7591.0,1975,3,15,5
1975-03-16,7235.0,1975,3,16,6
1975-03-17,9000.0,1975,3,17,0
1975-03-18,9090.0,1975,3,18,1
1975-03-19,8867.0,1975,3,19,2
1975-03-20,8926.0,1975,3,20,3
1975-03-21,9072.0,1975,3,21,4
1975-03-22,8038.0,1975,3,22,5
1975-03-23,7522.0,1975,3,23,6
1975-03-24,8784.0,1975,3,24,0
1975-03-25,9206.0,1975,3,25,1
1975-03-26,8912.0,1975,3,26,2
1975-03-27,8553.0,1975,3,27,3
1975-03-28,8799.0,1975,3,28,4
1975-03-29,7630.0,1975,3,29,5
1975-03-30,7171.0,1975,3,30,6
1975-03-31,8522.0,1975,3,31,0
1975-04-01,8871.0,1975,4,1,1
1975-04-02,8770.0,1975,4,2,2
1975-04-03,8901.0,1975,4,3,3
1975-04-04,8616.0,1975,4,4,4
1975-04-05,7581.0,1975,4,5,5
1975-04-06,7162.0,1975,4,6,6
1975-04-07,8501.0,1975,4,7,0
1975-04-08,9120.0,1975,4,8,1
1975-04-09,8823.0,1975,4,9,2
1975-04-10,8577.0,1975,4,10,3
1975-04-11,8931.0,1975,4,11,4
1975-04-12,7550.0,1975,4,12,5
1975-04-13,7002.0,1975,4,13,6
1975-04-14,8450.0,1975,4,14,0
1975-04-15,9114.0,1975,4,15,1
1975-04-16,8676.0,1975,4,16,2
1975-04-17,8536.0,1975,4,17,3
1975-04-18,9131.0,1975,4,18,4
1975-04-19,7614.0,1975,4,19,5
1975-04-20,7029.0,1975,4,20,6
1975-04-21,8448.0,1975,4,21,0
1975-04-22,8944.0,1975,4,22,1
1975-04-23,8511.0,1975,4,23,2
1975-04-24,8526.0,1975,4,24,3
1975-04-25,8855.0,1975,4,25,4
1975-04-26,7637.0,1975,4,26,5
1975-04-27,7162.0,1975,4,27,6
1975-04-28,8749.0,1975,4,28,0
1975-04-29,9251.0,1975,4,29,1
1975-04-30,8661.0,1975,4,30,2
1975-05-01,8654.0,1975,5,1,3
1975-05-02,8671.0,1975,5,2,4
1975-05-03,7579.0,1975,5,3,5
1975-05-04,7196.0,1975,5,4,6
1975-05-05,8517.0,1975,5,5,0
1975-05-06,8961.0,1975,5,6,1
1975-05-07,8467.0,1975,5,7,2
1975-05-08,8551.0,1975,5,8,3
1975-05-09,8861.0,1975,5,9,4
1975-05-10,7468.0,1975,5,10,5
1975-05-11,7228.0,1975,5,11,6
1975-05-12,9038.0,1975,5,12,0
1975-05-13,9247.0,1975,5,13,1
1975-05-14,8905.0,1975,5,14,2
1975-05-15,8834.0,1975,5,15,3
1975-05-16,8918.0,1975,5,16,4
1975-05-17,8009.0,1975,5,17,5
1975-05-18,7269.0,1975,5,18,6
1975-05-19,8828.0,1975,5,19,0
1975-05-20,9554.0,1975,5,20,1
1975-05-21,9043.0,1975,5,21,2
1975-05-22,9120.0,1975,5,22,3
1975-05-23,9133.0,1975,5,23,4
1975-05-24,7806.0,1975,5,24,5
1975-05-25,7512.0,1975,5,25,6
1975-05-26,7532.0,1975,5,26,0
1975-05-27,8792.0,1975,5,27,1
1975-05-28,8912.0,1975,5,28,2
1975-05-29,8982.0,1975,5,29,3
1975-05-30,9000.0,1975,5,30,4
1975-05-31,7619.0,1975,5,31,5
1975-06-01,7244.0,1975,6,1,6
1975-06-02,8555.0,1975,6,2,0
1975-06-03,8996.0,1975,6,3,1
1975-06-04,8742.0,1975,6,4,2
1975-06-05,8783.0,1975,6,5,3
1975-06-06,9112.0,1975,6,6,4
1975-06-07,7642.0,1975,6,7,5
1975-06-08,7149.0,1975,6,8,6
1975-06-09,8623.0,1975,6,9,0
1975-06-10,8997.0,1975,6,10,1
1975-06-11,8844.0,1975,6,11,2
1975-06-12,8954.0,1975,6,12,3
1975-06-13,8763.0,1975,6,13,4
1975-06-14,7991.0,1975,6,14,5
1975-06-15,7271.0,1975,6,15,6
1975-06-16,8681.0,1975,6,16,0
1975-06-17,9212.0,1975,6,17,1
1975-06-18,9050.0,1975,6,18,2
1975-06-19,9115.0,1975,6,19,3
1975-06-20,9039.0,1975,6,20,4
1975-06-21,7959.0,1975,6,21,5
1975-06-22,7413.0,1975,6,22,6
1975-06-23,9159.0,1975,6,23,0
1975-06-24,9400.0,1975,6,24,1
1975-06-25,9114.0,1975,6,25,2
1975-06-26,9024.0,1975,6,26,3
1975-06-27,8955.0,1975,6,27,4
1975-06-28,8129.0,1975,6,28,5
1975-06-29,7413.0,1975,6,29,6
1975-06-30,9051.0,1975,6,30,0
1975-07-01,9512.0,1975,7,1,1
1975-07-02,9340.0,1975,7,2,2
1975-07-03,9393.0,1975,7,3,3
1975-07-04,7917.0,1975,7,4,4
1975-07-05,7988.0,1975,7,5,5
1975-07-06,7714.0,1975,7,6,6
1975-07-07,9474.0,1975,7,7,0
1975-07-08,10078.0,1975,7,8,1
1975-07-09,9417.0,1975,7,9,2
1975-07-10,9224.0,1975,7,10,3
1975-07-11,9451.0,1975,7,11,4
1975-07-12,7853.0,1975,7,12,5
1975-07-13,7399.0,1975,7,13,6
1975-07-14,9295.0,1975,7,14,0
1975-07-15,9624.0,1975,7,15,1
1975-07-16,9370.0,1975,7,16,2
1975-07-17,9486.0,1975,7,17,3
1975-07-18,9468.0,1975,7,18,4
1975-07-19,8370.0,1975,7,19,5
1975-07-20,7815.0,1975,7,20,6
1975-07-21,9519.0,1975,7,21,0
1975-07-22,9965.0,1975,7,22,1
1975-07-23,9751.0,1975,7,23,2
1975-07-24,9498.0,1975,7,24,3
1975-07-25,9495.0,1975,7,25,4
1975-07-26,8132.0,1975,7,26,5
1975-07-27,7952.0,1975,7,27,6
1975-07-28,9373.0,1975,7,28,0
1975-07-29,9872.0,1975,7,29,1
1975-07-30,9389.0,1975,7,30,2
1975-07-31,9460.0,1975,7,31,3
1975-08-01,9708.0,1975,8,1,4
1975-08-02,8578.0,1975,8,2,5
1975-08-03,8075.0,1975,8,3,6
1975-08-04,9590.0,1975,8,4,0
1975-08-05,9617.0,1975,8,5,1
1975-08-06,9653.0,1975,8,6,2
1975-08-07,9266.0,1975,8,7,3
1975-08-08,9253.0,1975,8,8,4
1975-08-09,8016.0,1975,8,9,5
1975-08-10,7686.0,1975,8,10,6
1975-08-11,9395.0,1975,8,11,0
1975-08-12,9824.0,1975,8,12,1
1975-08-13,9493.0,1975,8,13,2
1975-08-14,9568.0,1975,8,14,3
1975-08-15,9643.0,1975,8,15,4
1975-08-16,8505.0,1975,8,16,5
1975-08-17,8045.0,1975,8,17,6
1975-08-18,9115.0,1975,8,18,0
1975-08-19,9524.0,1975,8,19,1
1975-08-20,9480.0,1975,8,20,2
1975-08-21,9278.0,1975,8,21,3
1975-08-22,9443.0,1975,8,22,4
1975-08-23,8365.0,1975,8,23,5
1975-08-24,7982.0,1975,8,24,6
1975-08-25,9414.0,1975,8,25,0
1975-08-26,9907.0,1975,8,26,1
1975-08-27,9457.0,1975,8,27,2
1975-08-28,9371.0,1975,8,28,3
1975-08-29,9587.0,1975,8,29,4
1975-08-30,8281.0,1975,8,30,5
1975-08-31,7660.0,1975,8,31,6
1975-09-01,7804.0,1975,9,1,0
1975-09-02,9425.0,1975,9,2,1
1975-09-03,9529.0,1975,9,3,2
1975-09-04,9313.0,1975,9,4,3
1975-09-05,9525.0,1975,9,5,4
1975-09-06,8466.0,1975,9,6,5
1975-09-07,7982.0,1975,9,7,6
1975-09-08,9253.0,1975,9,8,0
1975-09-09,9662.0,1975,9,9,1
1975-09-10,9265.0,1975,9,10,2
1975-09-11,9342.0,1975,9,11,3
1975-09-12,10013.0,1975,9,12,4
1975-09-13,8310.0,1975,9,13,5
1975-09-14,7745.0,1975,9,14,6
1975-09-15,9382.0,1975,9,15,0
1975-09-16,9813.0,1975,9,16,1
1975-09-17,9591.0,1975,9,17,2
1975-09-18,9743.0,1975,9,18,3
1975-09-19,9910.0,1975,9,19,4
1975-09-20,8541.0,1975,9,20,5
1975-09-21,8217.0,1975,9,21,6
1975-09-22,9570.0,1975,9,22,0
1975-09-23,9933.0,1975,9,23,1
1975-09-24,9579.0,1975,9,24,2
1975-09-25,9430.0,1975,9,25,3
1975-09-26,9579.0,1975,9,26,4
1975-09-27,8632.0,1975,9,27,5
1975-09-28,7971.0,1975,9,28,6
1975-09-29,9396.0,1975,9,29,0
1975-09-30,9665.0,1975,9,30,1
1975-10-01,9732.0,1975,10,1,2
1975-10-02,9435.0,1975,10,2,3
1975-10-03,9286.0,1975,10,3,4
1975-10-04,8310.0,1975,10,4,5
1975-10-05,7965.0,1975,10,5,6
1975-10-06,9181.0,1975,10,6,0
1975-10-07,9464.0,1975,10,7,1
1975-10-08,9252.0,1975,10,8,2
1975-10-09,9229.0,1975,10,9,3
1975-10-10,9212.0,1975,10,10,4
1975-10-11,7985.0,1975,10,11,5
1975-10-12,7601.0,1975,10,12,6
1975-10-13,8897.0,1975,10,13,0
1975-10-14,9209.0,1975,10,14,1
1975-10-15,9234.0,1975,10,15,2
1975-10-16,8725.0,1975,10,16,3
1975-10-17,8983.0,1975,10,17,4
1975-10-18,7719.0,1975,10,18,5
1975-10-19,7334.0,1975,10,19,6
1975-10-20,8604.0,1975,10,20,0
1975-10-21,8919.0,1975,10,21,1
1975-10-22,8572.0,1975,10,22,2
1975-10-23,8633.0,1975,10,23,3
1975-10-24,8886.0,1975,10,24,4
1975-10-25,7697.0,1975,10,25,5
1975-10-26,7442.0,1975,10,26,6
1975-10-27,8597.0,1975,10,27,0
1975-10-28,8761.0,1975,10,28,1
1975-10-29,8713.0,1975,10,29,2
1975-10-30,8527.0,1975,10,30,3
1975-10-31,8548.0,1975,10,31,4
1975-11-01,7716.0,1975,11,1,5
1975-11-02,7222.0,1975,11,2,6
1975-11-03,8811.0,1975,11,3,0
1975-11-04,9002.0,1975,11,4,1
1975-11-05,8614.0,1975,11,5,2
1975-11-06,8813.0,1975,11,6,3
1975-11-07,8913.0,1975,11,7,4
1975-11-08,7924.0,1975,11,8,5
1975-11-09,7522.0,1975,11,9,6
1975-11-10,8932.0,1975,11,10,0
1975-11-11,8926.0,1975,11,11,1
1975-11-12,8518.0,1975,11,12,2
1975-11-13,8822.0,1975,11,13,3
1975-11-14,8996.0,1975,11,14,4
1975-11-15,7596.0,1975,11,15,5
1975-11-16,7302.0,1975,11,16,6
1975-11-17,8560.0,1975,11,17,0
1975-11-18,8796.0,1975,11,18,1
1975-11-19,8935.0,1975,11,19,2
1975-11-20,8535.0,1975,11,20,3
1975-11-21,9049.0,1975,11,21,4
1975-11-22,7763.0,1975,11,22,5
1975-11-23,7392.0,1975,11,23,6
1975-11-24,8873.0,1975,11,24,0
1975-11-25,9475.0,1975,11,25,1
1975-11-26,8910.0,1975,11,26,2
1975-11-27,7356.0,1975,11,27,3
1975-11-28,8394.0,1975,11,28,4
1975-11-29,7566.0,1975,11,29,5
1975-11-30,7497.0,1975,11,30,6
1975-12-01,8834.0,1975,12,1,0
1975-12-02,9102.0,1975,12,2,1
1975-12-03,8813.0,1975,12,3,2
1975-12-04,8671.0,1975,12,4,3
1975-12-05,8856.0,1975,12,5,4
1975-12-06,7733.0,1975,12,6,5
1975-12-07,7428.0,1975,12,7,6
1975-12-08,8911.0,1975,12,8,0
1975-12-09,9024.0,1975,12,9,1
1975-12-10,8958.0,1975,12,10,2
1975-12-11,8778.0,1975,12,11,3
1975-12-12,9024.0,1975,12,12,4
1975-12-13,7865.0,1975,12,13,5
1975-12-14,7528.0,1975,12,14,6
1975-12-15,9070.0,1975,12,15,0
1975-12-16,9556.0,1975,12,16,1
1975-12-17,9212.0,1975,12,17,2
1975-12-18,9368.0,1975,12,18,3
1975-12-19,9328.0,1975,12,19,4
1975-12-20,7912.0,1975,12,20,5
1975-12-21,7348.0,1975,12,21,6
1975-12-22,8585.0,1975,12,22,0
1975-12-23,8767.0,1975,12,23,1
1975-12-24,7737.0,1975,12,24,2
1975-12-25,7145.0,1975,12,25,3
1975-12-26,8598.0,1975,12,26,4
1975-12-27,7950.0,1975,12,27,5
1975-12-28,7328.0,1975,12,28,6
1975-12-29,9397.0,1975,12,29,0
1975-12-30,10144.0,1975,12,30,1
1975-12-31,9578.0,1975,12,31,2
1976-01-01,7302.0,1976,1,1,3
1976-01-02,7994.0,1976,1,2,4
1976-01-03,7458.0,1976,1,3,5
1976-01-04,7251.0,1976,1,4,6
1976-01-05,8252.0,1976,1,5,0
1976-01-06,8945.0,1976,1,6,1
1976-01-07,8611.0,1976,1,7,2
1976-01-08,8417.0,1976,1,8,3
1976-01-09,8585.0,1976,1,9,4
1976-01-10,7634.0,1976,1,10,5
1976-01-11,7236.0,1976,1,11,6
1976-01-12,8708.0,1976,1,12,0
1976-01-13,9048.0,1976,1,13,1
1976-01-14,8951.0,1976,1,14,2
1976-01-15,8736.0,1976,1,15,3
1976-01-16,8847.0,1976,1,16,4
1976-01-17,7969.0,1976,1,17,5
1976-01-18,7148.0,1976,1,18,6
1976-01-19,8893.0,1976,1,19,0
1976-01-20,9002.0,1976,1,20,1
1976-01-21,8639.0,1976,1,21,2
1976-01-22,8893.0,1976,1,22,3
1976-01-23,8771.0,1976,1,23,4
1976-01-24,7866.0,1976,1,24,5
1976-01-25,7519.0,1976,1,25,6
1976-01-26,8550.0,1976,1,26,0
1976-01-27,8877.0,1976,1,27,1
1976-01-28,8659.0,1976,1,28,2
1976-01-29,8699.0,1976,1,29,3
1976-01-30,8792.0,1976,1,30,4
1976-01-31,7702.0,1976,1,31,5
1976-02-01,7472.0,1976,2,1,6
1976-02-02,8858.0,1976,2,2,0
1976-02-03,8846.0,1976,2,3,1
1976-02-04,8766.0,1976,2,4,2
1976-02-05,8674.0,1976,2,5,3
1976-02-06,8817.0,1976,2,6,4
1976-02-07,7684.0,1976,2,7,5
1976-02-08,7356.0,1976,2,8,6
1976-02-09,8541.0,1976,2,9,0
1976-02-10,9222.0,1976,2,10,1
1976-02-11,8707.0,1976,2,11,2
1976-02-12,8779.0,1976,2,12,3
1976-02-13,8666.0,1976,2,13,4
1976-02-14,7855.0,1976,2,14,5
1976-02-15,7330.0,1976,2,15,6
1976-02-16,8576.0,1976,2,16,0
1976-02-17,9072.0,1976,2,17,1
1976-02-18,8826.0,1976,2,18,2
1976-02-19,8599.0,1976,2,19,3
1976-02-20,8845.0,1976,2,20,4
1976-02-21,7752.0,1976,2,21,5
1976-02-22,7337.0,1976,2,22,6
1976-02-23,8687.0,1976,2,23,0
1976-02-24,8734.0,1976,2,24,1
1976-02-25,8572.0,1976,2,25,2
1976-02-26,8714.0,1976,2,26,3
1976-02-27,8742.0,1976,2,27,4
1976-02-28,7932.0,1976,2,28,5
1976-02-29,7559.0,1976,2,29,6
1976-03-01,8859.0,1976,3,1,0
1976-03-02,9039.0,1976,3,2,1
1976-03-03,8849.0,1976,3,3,2
1976-03-04,8617.0,1976,3,4,3
1976-03-05,8705.0,1976,3,5,4
1976-03-06,7560.0,1976,3,6,5
1976-03-07,7252.0,1976,3,7,6
1976-03-08,8429.0,1976,3,8,0
1976-03-09,8712.0,1976,3,9,1
1976-03-10,8554.0,1976,3,10,2
1976-03-11,8561.0,1976,3,11,3
1976-03-12,8654.0,1976,3,12,4
1976-03-13,7674.0,1976,3,13,5
1976-03-14,7134.0,1976,3,14,6
1976-03-15,8467.0,1976,3,15,0
1976-03-16,8636.0,1976,3,16,1
1976-03-17,8681.0,1976,3,17,2
1976-03-18,8472.0,1976,3,18,3
1976-03-19,8623.0,1976,3,19,4
1976-03-20,7890.0,1976,3,20,5
1976-03-21,7384.0,1976,3,21,6
1976-03-22,8515.0,1976,3,22,0
1976-03-23,8863.0,1976,3,23,1
1976-03-24,8389.0,1976,3,24,2
1976-03-25,8623.0,1976,3,25,3
1976-03-26,8744.0,1976,3,26,4
1976-03-27,7725.0,1976,3,27,5
1976-03-28,7267.0,1976,3,28,6
1976-03-29,8499.0,1976,3,29,0
1976-03-30,8818.0,1976,3,30,1
1976-03-31,8653.0,1976,3,31,2
1976-04-01,8336.0,1976,4,1,3
1976-04-02,8641.0,1976,4,2,4
1976-04-03,7583.0,1976,4,3,5
1976-04-04,7431.0,1976,4,4,6
1976-04-05,8279.0,1976,4,5,0
1976-04-06,8586.0,1976,4,6,1
1976-04-07,8568.0,1976,4,7,2
1976-04-08,8507.0,1976,4,8,3
1976-04-09,8287.0,1976,4,9,4
1976-04-10,7382.0,1976,4,10,5
1976-04-11,7056.0,1976,4,11,6
1976-04-12,8532.0,1976,4,12,0
1976-04-13,8459.0,1976,4,13,1
1976-04-14,8694.0,1976,4,14,2
1976-04-15,8583.0,1976,4,15,3
1976-04-16,8258.0,1976,4,16,4
1976-04-17,7538.0,1976,4,17,5
1976-04-18,7099.0,1976,4,18,6
1976-04-19,8327.0,1976,4,19,0
1976-04-20,9036.0,1976,4,20,1
1976-04-21,8518.0,1976,4,21,2
1976-04-22,8385.0,1976,4,22,3
1976-04-23,8497.0,1976,4,23,4
1976-04-24,7302.0,1976,4,24,5
1976-04-25,6817.0,1976,4,25,6
1976-04-26,8332.0,1976,4,26,0
1976-04-27,8490.0,1976,4,27,1
1976-04-28,8290.0,1976,4,28,2
1976-04-29,8093.0,1976,4,29,3
1976-04-30,8372.0,1976,4,30,4
1976-05-01,7612.0,1976,5,1,5
1976-05-02,7090.0,1976,5,2,6
1976-05-03,8233.0,1976,5,3,0
1976-05-04,8783.0,1976,5,4,1
1976-05-05,8602.0,1976,5,5,2
1976-05-06,8520.0,1976,5,6,3
1976-05-07,8640.0,1976,5,7,4
1976-05-08,7379.0,1976,5,8,5
1976-05-09,6675.0,1976,5,9,6
1976-05-10,8572.0,1976,5,10,0
1976-05-11,8876.0,1976,5,11,1
1976-05-12,8384.0,1976,5,12,2
1976-05-13,8239.0,1976,5,13,3
1976-05-14,8627.0,1976,5,14,4
1976-05-15,7509.0,1976,5,15,5
1976-05-16,7157.0,1976,5,16,6
1976-05-17,8740.0,1976,5,17,0
1976-05-18,8594.0,1976,5,18,1
1976-05-19,8489.0,1976,5,19,2
1976-05-20,8414.0,1976,5,20,3
1976-05-21,8733.0,1976,5,21,4
1976-05-22,7465.0,1976,5,22,5
1976-05-23,7014.0,1976,5,23,6
1976-05-24,8754.0,1976,5,24,0
1976-05-25,8861.0,1976,5,25,1
1976-05-26,8433.0,1976,5,26,2
1976-05-27,8530.0,1976,5,27,3
1976-05-28,8898.0,1976,5,28,4
1976-05-29,7745.0,1976,5,29,5
1976-05-30,7203.0,1976,5,30,6
1976-05-31,7587.0,1976,5,31,0
1976-06-01,8927.0,1976,6,1,1
1976-06-02,8749.0,1976,6,2,2
1976-06-03,8786.0,1976,6,3,3
1976-06-04,8854.0,1976,6,4,4
1976-06-05,7390.0,1976,6,5,5
1976-06-06,7303.0,1976,6,6,6
1976-06-07,8415.0,1976,6,7,0
1976-06-08,9107.0,1976,6,8,1
1976-06-09,8802.0,1976,6,9,2
1976-06-10,8986.0,1976,6,10,3
1976-06-11,9060.0,1976,6,11,4
1976-06-12,7894.0,1976,6,12,5
1976-06-13,7440.0,1976,6,13,6
1976-06-14,8972.0,1976,6,14,0
1976-06-15,9060.0,1976,6,15,1
1976-06-16,8968.0,1976,6,16,2
1976-06-17,8831.0,1976,6,17,3
1976-06-18,8833.0,1976,6,18,4
1976-06-19,7829.0,1976,6,19,5
1976-06-20,7397.0,1976,6,20,6
1976-06-21,8464.0,1976,6,21,0
1976-06-22,9048.0,1976,6,22,1
1976-06-23,8903.0,1976,6,23,2
1976-06-24,9017.0,1976,6,24,3
1976-06-25,9126.0,1976,6,25,4
1976-06-26,7827.0,1976,6,26,5
1976-06-27,7614.0,1976,6,27,6
1976-06-28,9071.0,1976,6,28,0
1976-06-29,9487.0,1976,6,29,1
1976-06-30,9132.0,1976,6,30,2
1976-07-01,9072.0,1976,7,1,3
1976-07-02,9360.0,1976,7,2,4
1976-07-03,7918.0,1976,7,3,5
1976-07-04,7893.0,1976,7,4,6
1976-07-05,7564.0,1976,7,5,0
1976-07-06,9227.0,1976,7,6,1
1976-07-07,9947.0,1976,7,7,2
1976-07-08,9549.0,1976,7,8,3
1976-07-09,9587.0,1976,7,9,4
1976-07-10,8269.0,1976,7,10,5
1976-07-11,7993.0,1976,7,11,6
1976-07-12,9268.0,1976,7,12,0
1976-07-13,9476.0,1976,7,13,1
1976-07-14,9352.0,1976,7,14,2
1976-07-15,9462.0,1976,7,15,3
1976-07-16,9568.0,1976,7,16,4
1976-07-17,8147.0,1976,7,17,5
1976-07-18,7576.0,1976,7,18,6
1976-07-19,9300.0,1976,7,19,0
1976-07-20,9430.0,1976,7,20,1
1976-07-21,9444.0,1976,7,21,2
1976-07-22,9411.0,1976,7,22,3
1976-07-23,9455.0,1976,7,23,4
1976-07-24,8462.0,1976,7,24,5
1976-07-25,7811.0,1976,7,25,6
1976-07-26,9392.0,1976,7,26,0
1976-07-27,9684.0,1976,7,27,1
1976-07-28,9164.0,1976,7,28,2
1976-07-29,9369.0,1976,7,29,3
1976-07-30,9685.0,1976,7,30,4
1976-07-31,8234.0,1976,7,31,5
1976-08-01,7857.0,1976,8,1,6
1976-08-02,9037.0,1976,8,2,0
1976-08-03,9583.0,1976,8,3,1
1976-08-04,9065.0,1976,8,4,2
1976-08-05,9393.0,1976,8,5,3
1976-08-06,9655.0,1976,8,6,4
1976-08-07,8424.0,1976,8,7,5
1976-08-08,8024.0,1976,8,8,6
1976-08-09,9343.0,1976,8,9,0
1976-08-10,9832.0,1976,8,10,1
1976-08-11,9317.0,1976,8,11,2
1976-08-12,9722.0,1976,8,12,3
1976-08-13,9538.0,1976,8,13,4
1976-08-14,8328.0,1976,8,14,5
1976-08-15,7823.0,1976,8,15,6
1976-08-16,9335.0,1976,8,16,0
1976-08-17,9623.0,1976,8,17,1
1976-08-18,9519.0,1976,8,18,2
1976-08-19,9455.0,1976,8,19,3
1976-08-20,9273.0,1976,8,20,4
1976-08-21,8748.0,1976,8,21,5
1976-08-22,8287.0,1976,8,22,6
1976-08-23,9456.0,1976,8,23,0
1976-08-24,9877.0,1976,8,24,1
1976-08-25,9481.0,1976,8,25,2
1976-08-26,9660.0,1976,8,26,3
1976-08-27,9862.0,1976,8,27,4
1976-08-28,8498.0,1976,8,28,5
1976-08-29,7998.0,1976,8,29,6
1976-08-30,9159.0,1976,8,30,0
1976-08-31,9602.0,1976,8,31,1
1976-09-01,9476.0,1976,9,1,2
1976-09-02,9324.0,1976,9,2,3
1976-09-03,9667.0,1976,9,3,4
1976-09-04,8407.0,1976,9,4,5
1976-09-05,7807.0,1976,9,5,6
1976-09-06,8083.0,1976,9,6,0
1976-09-07,9654.0,1976,9,7,1
1976-09-08,10166.0,1976,9,8,2
1976-09-09,9990.0,1976,9,9,3
1976-09-10,9998.0,1976,9,10,4
1976-09-11,8413.0,1976,9,11,5
1976-09-12,8142.0,1976,9,12,6
1976-09-13,9641.0,1976,9,13,0
1976-09-14,10165.0,1976,9,14,1
1976-09-15,9977.0,1976,9,15,2
1976-09-16,9956.0,1976,9,16,3
1976-09-17,9985.0,1976,9,17,4
1976-09-18,8738.0,1976,9,18,5
1976-09-19,8585.0,1976,9,19,6
1976-09-20,10051.0,1976,9,20,0
1976-09-21,10296.0,1976,9,21,1
1976-09-22,9836.0,1976,9,22,2
1976-09-23,9815.0,1976,9,23,3
1976-09-24,10052.0,1976,9,24,4
1976-09-25,8792.0,1976,9,25,5
1976-09-26,8510.0,1976,9,26,6
1976-09-27,10026.0,1976,9,27,0
1976-09-28,10146.0,1976,9,28,1
1976-09-29,9817.0,1976,9,29,2
1976-09-30,9718.0,1976,9,30,3
1976-10-01,9859.0,1976,10,1,4
1976-10-02,8691.0,1976,10,2,5
1976-10-03,8270.0,1976,10,3,6
1976-10-04,9656.0,1976,10,4,0
1976-10-05,9789.0,1976,10,5,1
1976-10-06,9483.0,1976,10,6,2
1976-10-07,9461.0,1976,10,7,3
1976-10-08,9565.0,1976,10,8,4
1976-10-09,8262.0,1976,10,9,5
1976-10-10,8313.0,1976,10,10,6
1976-10-11,9396.0,1976,10,11,0
1976-10-12,9622.0,1976,10,12,1
1976-10-13,9183.0,1976,10,13,2
1976-10-14,9253.0,1976,10,14,3
1976-10-15,9564.0,1976,10,15,4
1976-10-16,8187.0,1976,10,16,5
1976-10-17,7814.0,1976,10,17,6
1976-10-18,9248.0,1976,10,18,0
1976-10-19,9248.0,1976,10,19,1
1976-10-20,9575.0,1976,10,20,2
1976-10-21,9257.0,1976,10,21,3
1976-10-22,9442.0,1976,10,22,4
1976-10-23,8201.0,1976,10,23,5
1976-10-24,7848.0,1976,10,24,6
1976-10-25,9198.0,1976,10,25,0
1976-10-26,9403.0,1976,10,26,1
1976-10-27,9212.0,1976,10,27,2
1976-10-28,8857.0,1976,10,28,3
1976-10-29,9116.0,1976,10,29,4
1976-10-30,7968.0,1976,10,30,5
1976-10-31,8078.0,1976,10,31,6
1976-11-01,9007.0,1976,11,1,0
1976-11-02,9155.0,1976,11,2,1
1976-11-03,9015.0,1976,11,3,2
1976-11-04,9092.0,1976,11,4,3
1976-11-05,9307.0,1976,11,5,4
1976-11-06,7864.0,1976,11,6,5
1976-11-07,7860.0,1976,11,7,6
1976-11-08,9361.0,1976,11,8,0
1976-11-09,9480.0,1976,11,9,1
1976-11-10,9432.0,1976,11,10,2
1976-11-11,9429.0,1976,11,11,3
1976-11-12,9204.0,1976,11,12,4
1976-11-13,7913.0,1976,11,13,5
1976-11-14,7652.0,1976,11,14,6
1976-11-15,9031.0,1976,11,15,0
1976-11-16,9569.0,1976,11,16,1
1976-11-17,9296.0,1976,11,17,2
1976-11-18,9181.0,1976,11,18,3
1976-11-19,9458.0,1976,11,19,4
1976-11-20,7967.0,1976,11,20,5
1976-11-21,7707.0,1976,11,21,6
1976-11-22,9160.0,1976,11,22,0
1976-11-23,9316.0,1976,11,23,1
1976-11-24,9008.0,1976,11,24,2
1976-11-25,7492.0,1976,11,25,3
1976-11-26,8733.0,1976,11,26,4
1976-11-27,7966.0,1976,11,27,5
1976-11-28,7585.0,1976,11,28,6
1976-11-29,9263.0,1976,11,29,0
1976-11-30,9550.0,1976,11,30,1
1976-12-01,9045.0,1976,12,1,2
1976-12-02,8969.0,1976,12,2,3
1976-12-03,9042.0,1976,12,3,4
1976-12-04,7889.0,1976,12,4,5
1976-12-05,7640.0,1976,12,5,6
1976-12-06,9198.0,1976,12,6,0
1976-12-07,9637.0,1976,12,7,1
1976-12-08,9215.0,1976,12,8,2
1976-12-09,9263.0,1976,12,9,3
1976-12-10,9159.0,1976,12,10,4
1976-12-11,7969.0,1976,12,11,5
1976-12-12,7769.0,1976,12,12,6
1976-12-13,9240.0,1976,12,13,0
1976-12-14,9559.0,1976,12,14,1
1976-12-15,9516.0,1976,12,15,2
1976-12-16,9450.0,1976,12,16,3
1976-12-17,9890.0,1976,12,17,4
1976-12-18,7981.0,1976,12,18,5
1976-12-19,7505.0,1976,12,19,6
1976-12-20,9782.0,1976,12,20,0
1976-12-21,9776.0,1976,12,21,1
1976-12-22,8594.0,1976,12,22,2
1976-12-23,8104.0,1976,12,23,3
1976-12-24,7521.0,1976,12,24,4
1976-12-25,7185.0,1976,12,25,5
1976-12-26,7610.0,1976,12,26,6
1976-12-27,9342.0,1976,12,27,0
1976-12-28,10115.0,1976,12,28,1
1976-12-29,10088.0,1976,12,29,2
1976-12-30,9851.0,1976,12,30,3
1976-12-31,8964.0,1976,12,31,4
1977-01-01,7416.0,1977,1,1,5
1977-01-02,7467.0,1977,1,2,6
1977-01-03,8703.0,1977,1,3,0
1977-01-04,9104.0,1977,1,4,1
1977-01-05,8984.0,1977,1,5,2
1977-01-06,8971.0,1977,1,6,3
1977-01-07,9212.0,1977,1,7,4
1977-01-08,8013.0,1977,1,8,5
1977-01-09,7561.0,1977,1,9,6
1977-01-10,9142.0,1977,1,10,0
1977-01-11,9180.0,1977,1,11,1
1977-01-12,9257.0,1977,1,12,2
1977-01-13,9450.0,1977,1,13,3
1977-01-14,9317.0,1977,1,14,4
1977-01-15,8043.0,1977,1,15,5
1977-01-16,7666.0,1977,1,16,6
1977-01-17,9396.0,1977,1,17,0
1977-01-18,9628.0,1977,1,18,1
1977-01-19,9173.0,1977,1,19,2
1977-01-20,9229.0,1977,1,20,3
1977-01-21,9391.0,1977,1,21,4
1977-01-22,8168.0,1977,1,22,5
1977-01-23,7620.0,1977,1,23,6
1977-01-24,9246.0,1977,1,24,0
1977-01-25,9575.0,1977,1,25,1
1977-01-26,9270.0,1977,1,26,2
1977-01-27,9339.0,1977,1,27,3
1977-01-28,9422.0,1977,1,28,4
1977-01-29,8041.0,1977,1,29,5
1977-01-30,7769.0,1977,1,30,6
1977-01-31,9251.0,1977,1,31,0
1977-02-01,9486.0,1977,2,1,1
1977-02-02,9033.0,1977,2,2,2
1977-02-03,9244.0,1977,2,3,3
1977-02-04,9420.0,1977,2,4,4
1977-02-05,8177.0,1977,2,5,5
1977-02-06,7693.0,1977,2,6,6
1977-02-07,9122.0,1977,2,7,0
1977-02-08,9095.0,1977,2,8,1
1977-02-09,9268.0,1977,2,9,2
1977-02-10,9536.0,1977,2,10,3
1977-02-11,9471.0,1977,2,11,4
1977-02-12,8492.0,1977,2,12,5
1977-02-13,8085.0,1977,2,13,6
1977-02-14,9833.0,1977,2,14,0
1977-02-15,9715.0,1977,2,15,1
1977-02-16,9419.0,1977,2,16,2
1977-02-17,9565.0,1977,2,17,3
1977-02-18,9496.0,1977,2,18,4
1977-02-19,8175.0,1977,2,19,5
1977-02-20,8010.0,1977,2,20,6
1977-02-21,9112.0,1977,2,21,0
1977-02-22,9827.0,1977,2,22,1
1977-02-23,9629.0,1977,2,23,2
1977-02-24,9450.0,1977,2,24,3
1977-02-25,9648.0,1977,2,25,4
1977-02-26,8525.0,1977,2,26,5
1977-02-27,7904.0,1977,2,27,6
1977-02-28,9361.0,1977,2,28,0
1977-03-01,9835.0,1977,3,1,1
1977-03-02,9447.0,1977,3,2,2
1977-03-03,9543.0,1977,3,3,3
1977-03-04,9777.0,1977,3,4,4
1977-03-05,8352.0,1977,3,5,5
1977-03-06,7784.0,1977,3,6,6
1977-03-07,9359.0,1977,3,7,0
1977-03-08,10033.0,1977,3,8,1
1977-03-09,9356.0,1977,3,9,2
1977-03-10,9356.0,1977,3,10,3
1977-03-11,9497.0,1977,3,11,4
1977-03-12,8266.0,1977,3,12,5
1977-03-13,7938.0,1977,3,13,6
1977-03-14,9378.0,1977,3,14,0
1977-03-15,9684.0,1977,3,15,1
1977-03-16,9467.0,1977,3,16,2
1977-03-17,9312.0,1977,3,17,3
1977-03-18,9260.0,1977,3,18,4
1977-03-19,8170.0,1977,3,19,5
1977-03-20,7836.0,1977,3,20,6
1977-03-21,9082.0,1977,3,21,0
1977-03-22,9534.0,1977,3,22,1
1977-03-23,9172.0,1977,3,23,2
1977-03-24,9255.0,1977,3,24,3
1977-03-25,9345.0,1977,3,25,4
1977-03-26,7959.0,1977,3,26,5
1977-03-27,7769.0,1977,3,27,6
1977-03-28,9297.0,1977,3,28,0
1977-03-29,9649.0,1977,3,29,1
1977-03-30,9410.0,1977,3,30,2
1977-03-31,9445.0,1977,3,31,3
1977-04-01,8997.0,1977,4,1,4
1977-04-02,8058.0,1977,4,2,5
1977-04-03,7956.0,1977,4,3,6
1977-04-04,9286.0,1977,4,4,0
1977-04-05,9506.0,1977,4,5,1
1977-04-06,9129.0,1977,4,6,2
1977-04-07,9148.0,1977,4,7,3
1977-04-08,8991.0,1977,4,8,4
1977-04-09,7734.0,1977,4,9,5
1977-04-10,7376.0,1977,4,10,6
1977-04-11,8971.0,1977,4,11,0
1977-04-12,9676.0,1977,4,12,1
1977-04-13,9216.0,1977,4,13,2
1977-04-14,9101.0,1977,4,14,3
1977-04-15,9299.0,1977,4,15,4
1977-04-16,8039.0,1977,4,16,5
1977-04-17,7593.0,1977,4,17,6
1977-04-18,9357.0,1977,4,18,0
1977-04-19,9691.0,1977,4,19,1
1977-04-20,9267.0,1977,4,20,2
1977-04-21,9144.0,1977,4,21,3
1977-04-22,9158.0,1977,4,22,4
1977-04-23,7919.0,1977,4,23,5
1977-04-24,7202.0,1977,4,24,6
1977-04-25,9011.0,1977,4,25,0
1977-04-26,9432.0,1977,4,26,1
1977-04-27,8823.0,1977,4,27,2
1977-04-28,8984.0,1977,4,28,3
1977-04-29,8931.0,1977,4,29,4
1977-04-30,7866.0,1977,4,30,5
1977-05-01,7634.0,1977,5,1,6
1977-05-02,9385.0,1977,5,2,0
1977-05-03,9444.0,1977,5,3,1
1977-05-04,9397.0,1977,5,4,2
1977-05-05,9386.0,1977,5,5,3
1977-05-06,9535.0,1977,5,6,4
1977-05-07,8082.0,1977,5,7,5
1977-05-08,7643.0,1977,5,8,6
1977-05-09,8849.0,1977,5,9,0
1977-05-10,9404.0,1977,5,10,1
1977-05-11,8892.0,1977,5,11,2
1977-05-12,9210.0,1977,5,12,3
1977-05-13,9314.0,1977,5,13,4
1977-05-14,8108.0,1977,5,14,5
1977-05-15,7521.0,1977,5,15,6
1977-05-16,9489.0,1977,5,16,0
1977-05-17,9642.0,1977,5,17,1
1977-05-18,9413.0,1977,5,18,2
1977-05-19,9243.0,1977,5,19,3
1977-05-20,9454.0,1977,5,20,4
1977-05-21,7894.0,1977,5,21,5
1977-05-22,7731.0,1977,5,22,6
1977-05-23,9421.0,1977,5,23,0
1977-05-24,9603.0,1977,5,24,1
1977-05-25,9528.0,1977,5,25,2
1977-05-26,9368.0,1977,5,26,3
1977-05-27,9609.0,1977,5,27,4
1977-05-28,8084.0,1977,5,28,5
1977-05-29,7744.0,1977,5,29,6
1977-05-30,7745.0,1977,5,30,0
1977-05-31,9397.0,1977,5,31,1
1977-06-01,9668.0,1977,6,1,2
1977-06-02,9344.0,1977,6,2,3
1977-06-03,9425.0,1977,6,3,4
1977-06-04,8049.0,1977,6,4,5
1977-06-05,7889.0,1977,6,5,6
1977-06-06,9274.0,1977,6,6,0
1977-06-07,9547.0,1977,6,7,1
1977-06-08,9205.0,1977,6,8,2
1977-06-09,9393.0,1977,6,9,3
1977-06-10,9237.0,1977,6,10,4
1977-06-11,8020.0,1977,6,11,5
1977-06-12,7613.0,1977,6,12,6
1977-06-13,9329.0,1977,6,13,0
1977-06-14,9629.0,1977,6,14,1
1977-06-15,9539.0,1977,6,15,2
1977-06-16,9736.0,1977,6,16,3
1977-06-17,9746.0,1977,6,17,4
1977-06-18,8227.0,1977,6,18,5
1977-06-19,7795.0,1977,6,19,6
1977-06-20,9528.0,1977,6,20,0
1977-06-21,9668.0,1977,6,21,1
1977-06-22,9423.0,1977,6,22,2
1977-06-23,9489.0,1977,6,23,3
1977-06-24,9612.0,1977,6,24,4
1977-06-25,8338.0,1977,6,25,5
1977-06-26,8038.0,1977,6,26,6
1977-06-27,9657.0,1977,6,27,0
1977-06-28,9994.0,1977,6,28,1
1977-06-29,9735.0,1977,6,29,2
1977-06-30,9612.0,1977,6,30,3
1977-07-01,9746.0,1977,7,1,4
1977-07-02,8311.0,1977,7,2,5
1977-07-03,7861.0,1977,7,3,6
1977-07-04,8171.0,1977,7,4,0
1977-07-05,9648.0,1977,7,5,1
1977-07-06,10533.0,1977,7,6,2
1977-07-07,10424.0,1977,7,7,3
1977-07-08,10234.0,1977,7,8,4
1977-07-09,8793.0,1977,7,9,5
1977-07-10,7983.0,1977,7,10,6
1977-07-11,9590.0,1977,7,11,0
1977-07-12,9997.0,1977,7,12,1
1977-07-13,9920.0,1977,7,13,2
1977-07-14,10054.0,1977,7,14,3
1977-07-15,10176.0,1977,7,15,4
1977-07-16,8667.0,1977,7,16,5
1977-07-17,8058.0,1977,7,17,6
1977-07-18,9781.0,1977,7,18,0
1977-07-19,10173.0,1977,7,19,1
1977-07-20,10132.0,1977,7,20,2
1977-07-21,9878.0,1977,7,21,3
1977-07-22,10180.0,1977,7,22,4
1977-07-23,8488.0,1977,7,23,5
1977-07-24,8186.0,1977,7,24,6
1977-07-25,9771.0,1977,7,25,0
1977-07-26,10128.0,1977,7,26,1
1977-07-27,9688.0,1977,7,27,2
1977-07-28,9826.0,1977,7,28,3
1977-07-29,10084.0,1977,7,29,4
1977-07-30,8817.0,1977,7,30,5
1977-07-31,8223.0,1977,7,31,6
1977-08-01,9810.0,1977,8,1,0
1977-08-02,10281.0,1977,8,2,1
1977-08-03,9890.0,1977,8,3,2
1977-08-04,9820.0,1977,8,4,3
1977-08-05,10300.0,1977,8,5,4
1977-08-06,8808.0,1977,8,6,5
1977-08-07,8401.0,1977,8,7,6
1977-08-08,9955.0,1977,8,8,0
1977-08-09,10272.0,1977,8,9,1
1977-08-10,10212.0,1977,8,10,2
1977-08-11,9760.0,1977,8,11,3
1977-08-12,10099.0,1977,8,12,4
1977-08-13,8669.0,1977,8,13,5
1977-08-14,8245.0,1977,8,14,6
1977-08-15,9852.0,1977,8,15,0
1977-08-16,10359.0,1977,8,16,1
1977-08-17,9908.0,1977,8,17,2
1977-08-18,9856.0,1977,8,18,3
1977-08-19,10003.0,1977,8,19,4
1977-08-20,8531.0,1977,8,20,5
1977-08-21,8369.0,1977,8,21,6
1977-08-22,9978.0,1977,8,22,0
1977-08-23,10413.0,1977,8,23,1
1977-08-24,10118.0,1977,8,24,2
1977-08-25,10022.0,1977,8,25,3
1977-08-26,9927.0,1977,8,26,4
1977-08-27,8821.0,1977,8,27,5
1977-08-28,8564.0,1977,8,28,6
1977-08-29,9876.0,1977,8,29,0
1977-08-30,10418.0,1977,8,30,1
1977-08-31,10153.0,1977,8,31,2
1977-09-01,9952.0,1977,9,1,3
1977-09-02,10187.0,1977,9,2,4
1977-09-03,8633.0,1977,9,3,5
1977-09-04,8148.0,1977,9,4,6
1977-09-05,8338.0,1977,9,5,0
1977-09-06,10095.0,1977,9,6,1
1977-09-07,10330.0,1977,9,7,2
1977-09-08,10120.0,1977,9,8,3
1977-09-09,10294.0,1977,9,9,4
1977-09-10,8771.0,1977,9,10,5
1977-09-11,8380.0,1977,9,11,6
1977-09-12,9998.0,1977,9,12,0
1977-09-13,10177.0,1977,9,13,1
1977-09-14,10223.0,1977,9,14,2
1977-09-15,10161.0,1977,9,15,3
1977-09-16,10490.0,1977,9,16,4
1977-09-17,9161.0,1977,9,17,5
1977-09-18,8728.0,1977,9,18,6
1977-09-19,10278.0,1977,9,19,0
1977-09-20,10647.0,1977,9,20,1
1977-09-21,10392.0,1977,9,21,2
1977-09-22,10040.0,1977,9,22,3
1977-09-23,10328.0,1977,9,23,4
1977-09-24,9003.0,1977,9,24,5
1977-09-25,8617.0,1977,9,25,6
1977-09-26,10379.0,1977,9,26,0
1977-09-27,10528.0,1977,9,27,1
1977-09-28,10100.0,1977,9,28,2
1977-09-29,10080.0,1977,9,29,3
1977-09-30,10346.0,1977,9,30,4
1977-10-01,9034.0,1977,10,1,5
1977-10-02,8617.0,1977,10,2,6
1977-10-03,10010.0,1977,10,3,0
1977-10-04,10176.0,1977,10,4,1
1977-10-05,9804.0,1977,10,5,2
1977-10-06,9826.0,1977,10,6,3
1977-10-07,9972.0,1977,10,7,4
1977-10-08,8560.0,1977,10,8,5
1977-10-09,8320.0,1977,10,9,6
1977-10-10,9646.0,1977,10,10,0
1977-10-11,9929.0,1977,10,11,1
1977-10-12,9643.0,1977,10,12,2
1977-10-13,9592.0,1977,10,13,3
1977-10-14,9625.0,1977,10,14,4
1977-10-15,8388.0,1977,10,15,5
1977-10-16,8243.0,1977,10,16,6
1977-10-17,9504.0,1977,10,17,0
1977-10-18,9678.0,1977,10,18,1
1977-10-19,9650.0,1977,10,19,2
1977-10-20,9586.0,1977,10,20,3
1977-10-21,9681.0,1977,10,21,4
1977-10-22,8276.0,1977,10,22,5
1977-10-23,7823.0,1977,10,23,6
1977-10-24,9232.0,1977,10,24,0
1977-10-25,9785.0,1977,10,25,1
1977-10-26,9567.0,1977,10,26,2
1977-10-27,9431.0,1977,10,27,3
1977-10-28,9397.0,1977,10,28,4
1977-10-29,8183.0,1977,10,29,5
1977-10-30,8079.0,1977,10,30,6
1977-10-31,9037.0,1977,10,31,0
1977-11-01,9603.0,1977,11,1,1
1977-11-02,9131.0,1977,11,2,2
1977-11-03,9412.0,1977,11,3,3
1977-11-04,9585.0,1977,11,4,4
1977-11-05,8238.0,1977,11,5,5
1977-11-06,7842.0,1977,11,6,6
1977-11-07,9438.0,1977,11,7,0
1977-11-08,9775.0,1977,11,8,1
1977-11-09,9282.0,1977,11,9,2
1977-11-10,9418.0,1977,11,10,3
1977-11-11,9245.0,1977,11,11,4
1977-11-12,8004.0,1977,11,12,5
1977-11-13,7895.0,1977,11,13,6
1977-11-14,9230.0,1977,11,14,0
1977-11-15,9756.0,1977,11,15,1
1977-11-16,9419.0,1977,11,16,2
1977-11-17,9518.0,1977,11,17,3
1977-11-18,9548.0,1977,11,18,4
1977-11-19,8172.0,1977,11,19,5
1977-11-20,7686.0,1977,11,20,6
1977-11-21,9570.0,1977,11,21,0
1977-11-22,9576.0,1977,11,22,1
1977-11-23,9377.0,1977,11,23,2
1977-11-24,7708.0,1977,11,24,3
1977-11-25,8772.0,1977,11,25,4
1977-11-26,8009.0,1977,11,26,5
1977-11-27,7727.0,1977,11,27,6
1977-11-28,9490.0,1977,11,28,0
1977-11-29,9619.0,1977,11,29,1
1977-11-30,9371.0,1977,11,30,2
1977-12-01,9210.0,1977,12,1,3
1977-12-02,9246.0,1977,12,2,4
1977-12-03,7942.0,1977,12,3,5
1977-12-04,7609.0,1977,12,4,6
1977-12-05,9358.0,1977,12,5,0
1977-12-06,9505.0,1977,12,6,1
1977-12-07,9075.0,1977,12,7,2
1977-12-08,9261.0,1977,12,8,3
1977-12-09,9230.0,1977,12,9,4
1977-12-10,7964.0,1977,12,10,5
1977-12-11,7503.0,1977,12,11,6
1977-12-12,9264.0,1977,12,12,0
1977-12-13,9533.0,1977,12,13,1
1977-12-14,9224.0,1977,12,14,2
1977-12-15,9430.0,1977,12,15,3
1977-12-16,9586.0,1977,12,16,4
1977-12-17,8173.0,1977,12,17,5
1977-12-18,7583.0,1977,12,18,6
1977-12-19,9908.0,1977,12,19,0
1977-12-20,9899.0,1977,12,20,1
1977-12-21,9267.0,1977,12,21,2
1977-12-22,8519.0,1977,12,22,3
1977-12-23,8049.0,1977,12,23,4
1977-12-24,7354.0,1977,12,24,5
1977-12-25,7404.0,1977,12,25,6
1977-12-26,7512.0,1977,12,26,0
1977-12-27,9189.0,1977,12,27,1
1977-12-28,9733.0,1977,12,28,2
1977-12-29,9734.0,1977,12,29,3
1977-12-30,9806.0,1977,12,30,4
1977-12-31,7982.0,1977,12,31,5
1978-01-01,7716.0,1978,1,1,6
1978-01-02,7543.0,1978,1,2,0
1978-01-03,8833.0,1978,1,3,1
1978-01-04,8870.0,1978,1,4,2
1978-01-05,9053.0,1978,1,5,3
1978-01-06,9224.0,1978,1,6,4
1978-01-07,8091.0,1978,1,7,5
1978-01-08,7622.0,1978,1,8,6
1978-01-09,9187.0,1978,1,9,0
1978-01-10,9095.0,1978,1,10,1
1978-01-11,9220.0,1978,1,11,2
1978-01-12,9276.0,1978,1,12,3
1978-01-13,9154.0,1978,1,13,4
1978-01-14,8314.0,1978,1,14,5
1978-01-15,7783.0,1978,1,15,6
1978-01-16,9472.0,1978,1,16,0
1978-01-17,9347.0,1978,1,17,1
1978-01-18,9134.0,1978,1,18,2
1978-01-19,9240.0,1978,1,19,3
1978-01-20,9316.0,1978,1,20,4
1978-01-21,7963.0,1978,1,21,5
1978-01-22,7573.0,1978,1,22,6
1978-01-23,9263.0,1978,1,23,0
1978-01-24,9426.0,1978,1,24,1
1978-01-25,9103.0,1978,1,25,2
1978-01-26,9397.0,1978,1,26,3
1978-01-27,8992.0,1978,1,27,4
1978-01-28,7959.0,1978,1,28,5
1978-01-29,7537.0,1978,1,29,6
1978-01-30,9194.0,1978,1,30,0
1978-01-31,9165.0,1978,1,31,1
1978-02-01,9171.0,1978,2,1,2
1978-02-02,9237.0,1978,2,2,3
1978-02-03,9184.0,1978,2,3,4
1978-02-04,8079.0,1978,2,4,5
1978-02-05,7820.0,1978,2,5,6
1978-02-06,9236.0,1978,2,6,0
1978-02-07,9348.0,1978,2,7,1
1978-02-08,9154.0,1978,2,8,2
1978-02-09,9262.0,1978,2,9,3
1978-02-10,9534.0,1978,2,10,4
1978-02-11,8155.0,1978,2,11,5
1978-02-12,7965.0,1978,2,12,6
1978-02-13,8975.0,1978,2,13,0
1978-02-14,9864.0,1978,2,14,1
1978-02-15,9296.0,1978,2,15,2
1978-02-16,9115.0,1978,2,16,3
1978-02-17,9251.0,1978,2,17,4
1978-02-18,8183.0,1978,2,18,5
1978-02-19,7708.0,1978,2,19,6
1978-02-20,9036.0,1978,2,20,0
1978-02-21,9266.0,1978,2,21,1
1978-02-22,9353.0,1978,2,22,2
1978-02-23,9283.0,1978,2,23,3
1978-02-24,9566.0,1978,2,24,4
1978-02-25,8331.0,1978,2,25,5
1978-02-26,7895.0,1978,2,26,6
1978-02-27,9272.0,1978,2,27,0
1978-02-28,9717.0,1978,2,28,1
1978-03-01,9144.0,1978,3,1,2
1978-03-02,9320.0,1978,3,2,3
1978-03-03,9445.0,1978,3,3,4
1978-03-04,8030.0,1978,3,4,5
1978-03-05,7811.0,1978,3,5,6
1978-03-06,9302.0,1978,3,6,0
1978-03-07,9585.0,1978,3,7,1
1978-03-08,9221.0,1978,3,8,2
1978-03-09,9231.0,1978,3,9,3
1978-03-10,9597.0,1978,3,10,4
1978-03-11,8157.0,1978,3,11,5
1978-03-12,7884.0,1978,3,12,6
1978-03-13,9036.0,1978,3,13,0
1978-03-14,9537.0,1978,3,14,1
1978-03-15,9299.0,1978,3,15,2
1978-03-16,9337.0,1978,3,16,3
1978-03-17,9488.0,1978,3,17,4
1978-03-18,7972.0,1978,3,18,5
1978-03-19,7741.0,1978,3,19,6
1978-03-20,9145.0,1978,3,20,0
1978-03-21,9679.0,1978,3,21,1
1978-03-22,9321.0,1978,3,22,2
1978-03-23,9169.0,1978,3,23,3
1978-03-24,9164.0,1978,3,24,4
1978-03-25,7887.0,1978,3,25,5
1978-03-26,7595.0,1978,3,26,6
1978-03-27,9113.0,1978,3,27,0
1978-03-28,9303.0,1978,3,28,1
1978-03-29,9206.0,1978,3,29,2
1978-03-30,8917.0,1978,3,30,3
1978-03-31,9330.0,1978,3,31,4
1978-04-01,8081.0,1978,4,1,5
1978-04-02,7699.0,1978,4,2,6
1978-04-03,9127.0,1978,4,3,0
1978-04-04,9450.0,1978,4,4,1
1978-04-05,8860.0,1978,4,5,2
1978-04-06,8981.0,1978,4,6,3
1978-04-07,9087.0,1978,4,7,4
1978-04-08,7903.0,1978,4,8,5
1978-04-09,7463.0,1978,4,9,6
1978-04-10,8881.0,1978,4,10,0
1978-04-11,9034.0,1978,4,11,1
1978-04-12,8619.0,1978,4,12,2
1978-04-13,8734.0,1978,4,13,3
1978-04-14,9028.0,1978,4,14,4
1978-04-15,7533.0,1978,4,15,5
1978-04-16,7201.0,1978,4,16,6
1978-04-17,8713.0,1978,4,17,0
1978-04-18,9215.0,1978,4,18,1
1978-04-19,8728.0,1978,4,19,2
1978-04-20,8594.0,1978,4,20,3
1978-04-21,8902.0,1978,4,21,4
1978-04-22,7797.0,1978,4,22,5
1978-04-23,7315.0,1978,4,23,6
1978-04-24,9031.0,1978,4,24,0
1978-04-25,9092.0,1978,4,25,1
1978-04-26,9027.0,1978,4,26,2
1978-04-27,8859.0,1978,4,27,3
1978-04-28,9055.0,1978,4,28,4
1978-04-29,7764.0,1978,4,29,5
1978-04-30,7152.0,1978,4,30,6
1978-05-01,8907.0,1978,5,1,0
1978-05-02,9426.0,1978,5,2,1
1978-05-03,9063.0,1978,5,3,2
1978-05-04,8680.0,1978,5,4,3
1978-05-05,9106.0,1978,5,5,4
1978-05-06,7730.0,1978,5,6,5
1978-05-07,7398.0,1978,5,7,6
1978-05-08,8996.0,1978,5,8,0
1978-05-09,9317.0,1978,5,9,1
1978-05-10,9288.0,1978,5,10,2
1978-05-11,8914.0,1978,5,11,3
1978-05-12,8981.0,1978,5,12,4
1978-05-13,7767.0,1978,5,13,5
1978-05-14,7390.0,1978,5,14,6
1978-05-15,9212.0,1978,5,15,0
1978-05-16,9212.0,1978,5,16,1
1978-05-17,8927.0,1978,5,17,2
1978-05-18,9060.0,1978,5,18,3
1978-05-19,9018.0,1978,5,19,4
1978-05-20,8078.0,1978,5,20,5
1978-05-21,7580.0,1978,5,21,6
1978-05-22,9102.0,1978,5,22,0
1978-05-23,9221.0,1978,5,23,1
1978-05-24,9208.0,1978,5,24,2
1978-05-25,9193.0,1978,5,25,3
1978-05-26,9532.0,1978,5,26,4
1978-05-27,8021.0,1978,5,27,5
1978-05-28,7797.0,1978,5,28,6
1978-05-29,7793.0,1978,5,29,0
1978-05-30,9637.0,1978,5,30,1
1978-05-31,9613.0,1978,5,31,2
1978-06-01,9450.0,1978,6,1,3
1978-06-02,9313.0,1978,6,2,4
1978-06-03,7982.0,1978,6,3,5
1978-06-04,7408.0,1978,6,4,6
1978-06-05,9136.0,1978,6,5,0
1978-06-06,9613.0,1978,6,6,1
1978-06-07,9348.0,1978,6,7,2
1978-06-08,9090.0,1978,6,8,3
1978-06-09,9374.0,1978,6,9,4
1978-06-10,8048.0,1978,6,10,5
1978-06-11,7584.0,1978,6,11,6
1978-06-12,9208.0,1978,6,12,0
1978-06-13,9269.0,1978,6,13,1
1978-06-14,9234.0,1978,6,14,2
1978-06-15,9183.0,1978,6,15,3
1978-06-16,9362.0,1978,6,16,4
1978-06-17,8244.0,1978,6,17,5
1978-06-18,7794.0,1978,6,18,6
1978-06-19,9553.0,1978,6,19,0
1978-06-20,9683.0,1978,6,20,1
1978-06-21,9278.0,1978,6,21,2
1978-06-22,9411.0,1978,6,22,3
1978-06-23,9601.0,1978,6,23,4
1978-06-24,8132.0,1978,6,24,5
1978-06-25,8102.0,1978,6,25,6
1978-06-26,9353.0,1978,6,26,0
1978-06-27,9858.0,1978,6,27,1
1978-06-28,9709.0,1978,6,28,2
1978-06-29,9641.0,1978,6,29,3
1978-06-30,10098.0,1978,6,30,4
1978-07-01,8218.0,1978,7,1,5
1978-07-02,7991.0,1978,7,2,6
1978-07-03,9294.0,1978,7,3,0
1978-07-04,8448.0,1978,7,4,1
1978-07-05,9689.0,1978,7,5,2
1978-07-06,10204.0,1978,7,6,3
1978-07-07,10255.0,1978,7,7,4
1978-07-08,8791.0,1978,7,8,5
1978-07-09,8112.0,1978,7,9,6
1978-07-10,9887.0,1978,7,10,0
1978-07-11,9868.0,1978,7,11,1
1978-07-12,9716.0,1978,7,12,2
1978-07-13,9995.0,1978,7,13,3
1978-07-14,10449.0,1978,7,14,4
1978-07-15,8870.0,1978,7,15,5
1978-07-16,8426.0,1978,7,16,6
1978-07-17,10037.0,1978,7,17,0
1978-07-18,10376.0,1978,7,18,1
1978-07-19,10025.0,1978,7,19,2
1978-07-20,10401.0,1978,7,20,3
1978-07-21,10342.0,1978,7,21,4
1978-07-22,9082.0,1978,7,22,5
1978-07-23,8577.0,1978,7,23,6
1978-07-24,9977.0,1978,7,24,0
1978-07-25,10361.0,1978,7,25,1
1978-07-26,10111.0,1978,7,26,2
1978-07-27,10206.0,1978,7,27,3
1978-07-28,10324.0,1978,7,28,4
1978-07-29,8695.0,1978,7,29,5
1978-07-30,8494.0,1978,7,30,6
1978-07-31,9902.0,1978,7,31,0
1978-08-01,10164.0,1978,8,1,1
1978-08-02,9838.0,1978,8,2,2
1978-08-03,10144.0,1978,8,3,3
1978-08-04,10063.0,1978,8,4,4
1978-08-05,8757.0,1978,8,5,5
1978-08-06,8456.0,1978,8,6,6
1978-08-07,10219.0,1978,8,7,0
1978-08-08,10460.0,1978,8,8,1
1978-08-09,10163.0,1978,8,9,2
1978-08-10,10307.0,1978,8,10,3
1978-08-11,10184.0,1978,8,11,4
1978-08-12,8966.0,1978,8,12,5
1978-08-13,8547.0,1978,8,13,6
1978-08-14,10145.0,1978,8,14,0
1978-08-15,10520.0,1978,8,15,1
1978-08-16,10072.0,1978,8,16,2
1978-08-17,10400.0,1978,8,17,3
1978-08-18,10377.0,1978,8,18,4
1978-08-19,8927.0,1978,8,19,5
1978-08-20,8493.0,1978,8,20,6
1978-08-21,9987.0,1978,8,21,0
1978-08-22,10241.0,1978,8,22,1
1978-08-23,9914.0,1978,8,23,2
1978-08-24,10168.0,1978,8,24,3
1978-08-25,10186.0,1978,8,25,4
1978-08-26,8802.0,1978,8,26,5
1978-08-27,8471.0,1978,8,27,6
1978-08-28,10016.0,1978,8,28,0
1978-08-29,10400.0,1978,8,29,1
1978-08-30,10081.0,1978,8,30,2
1978-08-31,9866.0,1978,8,31,3
1978-09-01,10133.0,1978,9,1,4
1978-09-02,8591.0,1978,9,2,5
1978-09-03,8366.0,1978,9,3,6
1978-09-04,8492.0,1978,9,4,0
1978-09-05,10044.0,1978,9,5,1
1978-09-06,10720.0,1978,9,6,2
1978-09-07,10309.0,1978,9,7,3
1978-09-08,10384.0,1978,9,8,4
1978-09-09,9035.0,1978,9,9,5
1978-09-10,8650.0,1978,9,10,6
1978-09-11,10165.0,1978,9,11,0
1978-09-12,10439.0,1978,9,12,1
1978-09-13,10170.0,1978,9,13,2
1978-09-14,10279.0,1978,9,14,3
1978-09-15,10283.0,1978,9,15,4
1978-09-16,9187.0,1978,9,16,5
1978-09-17,8725.0,1978,9,17,6
1978-09-18,10324.0,1978,9,18,0
1978-09-19,10728.0,1978,9,19,1
1978-09-20,10504.0,1978,9,20,2
1978-09-21,10518.0,1978,9,21,3
1978-09-22,10370.0,1978,9,22,4
1978-09-23,8751.0,1978,9,23,5
1978-09-24,8661.0,1978,9,24,6
1978-09-25,10434.0,1978,9,25,0
1978-09-26,10518.0,1978,9,26,1
1978-09-27,10359.0,1978,9,27,2
1978-09-28,10198.0,1978,9,28,3
1978-09-29,10386.0,1978,9,29,4
1978-09-30,8663.0,1978,9,30,5
1978-10-01,8701.0,1978,10,1,6
1978-10-02,9949.0,1978,10,2,0
1978-10-03,10388.0,1978,10,3,1
1978-10-04,9945.0,1978,10,4,2
1978-10-05,9964.0,1978,10,5,3
1978-10-06,10066.0,1978,10,6,4
1978-10-07,8623.0,1978,10,7,5
1978-10-08,8391.0,1978,10,8,6
1978-10-09,9784.0,1978,10,9,0
1978-10-10,10361.0,1978,10,10,1
1978-10-11,9893.0,1978,10,11,2
1978-10-12,9834.0,1978,10,12,3
1978-10-13,9777.0,1978,10,13,4
1978-10-14,8566.0,1978,10,14,5
1978-10-15,7890.0,1978,10,15,6
1978-10-16,9547.0,1978,10,16,0
1978-10-17,9956.0,1978,10,17,1
1978-10-18,9409.0,1978,10,18,2
1978-10-19,9514.0,1978,10,19,3
1978-10-20,9644.0,1978,10,20,4
1978-10-21,8423.0,1978,10,21,5
1978-10-22,7949.0,1978,10,22,6
1978-10-23,9436.0,1978,10,23,0
1978-10-24,9588.0,1978,10,24,1
1978-10-25,9338.0,1978,10,25,2
1978-10-26,9515.0,1978,10,26,3
1978-10-27,9551.0,1978,10,27,4
1978-10-28,8425.0,1978,10,28,5
1978-10-29,8168.0,1978,10,29,6
1978-10-30,9472.0,1978,10,30,0
1978-10-31,9349.0,1978,10,31,1
1978-11-01,9340.0,1978,11,1,2
1978-11-02,9261.0,1978,11,2,3
1978-11-03,9787.0,1978,11,3,4
1978-11-04,8263.0,1978,11,4,5
1978-11-05,8027.0,1978,11,5,6
1978-11-06,9526.0,1978,11,6,0
1978-11-07,9789.0,1978,11,7,1
1978-11-08,9524.0,1978,11,8,2
1978-11-09,9622.0,1978,11,9,3
1978-11-10,9673.0,1978,11,10,4
1978-11-11,8367.0,1978,11,11,5
1978-11-12,7986.0,1978,11,12,6
1978-11-13,9629.0,1978,11,13,0
1978-11-14,10031.0,1978,11,14,1
1978-11-15,9551.0,1978,11,15,2
1978-11-16,9578.0,1978,11,16,3
1978-11-17,9856.0,1978,11,17,4
1978-11-18,8445.0,1978,11,18,5
1978-11-19,7877.0,1978,11,19,6
1978-11-20,9603.0,1978,11,20,0
1978-11-21,9961.0,1978,11,21,1
1978-11-22,9566.0,1978,11,22,2
1978-11-23,7926.0,1978,11,23,3
1978-11-24,9053.0,1978,11,24,4
1978-11-25,8290.0,1978,11,25,5
1978-11-26,8081.0,1978,11,26,6
1978-11-27,9835.0,1978,11,27,0
1978-11-28,9826.0,1978,11,28,1
1978-11-29,9452.0,1978,11,29,2
1978-11-30,9410.0,1978,11,30,3
1978-12-01,9614.0,1978,12,1,4
1978-12-02,8544.0,1978,12,2,5
1978-12-03,8211.0,1978,12,3,6
1978-12-04,9779.0,1978,12,4,0
1978-12-05,9895.0,1978,12,5,1
1978-12-06,9419.0,1978,12,6,2
1978-12-07,9497.0,1978,12,7,3
1978-12-08,9417.0,1978,12,8,4
1978-12-09,8347.0,1978,12,9,5
1978-12-10,8104.0,1978,12,10,6
1978-12-11,9697.0,1978,12,11,0
1978-12-12,10072.0,1978,12,12,1
1978-12-13,9532.0,1978,12,13,2
1978-12-14,9539.0,1978,12,14,3
1978-12-15,9963.0,1978,12,15,4
1978-12-16,8522.0,1978,12,16,5
1978-12-17,8186.0,1978,12,17,6
1978-12-18,10213.0,1978,12,18,0
1978-12-19,10617.0,1978,12,19,1
1978-12-20,10005.0,1978,12,20,2
1978-12-21,9418.0,1978,12,21,3
1978-12-22,9028.0,1978,12,22,4
1978-12-23,7952.0,1978,12,23,5
1978-12-24,7974.0,1978,12,24,6
1978-12-25,7860.0,1978,12,25,0
1978-12-26,8911.0,1978,12,26,1
1978-12-27,9924.0,1978,12,27,2
1978-12-28,10190.0,1978,12,28,3
1978-12-29,10413.0,1978,12,29,4
1978-12-30,8487.0,1978,12,30,5
1978-12-31,8038.0,1978,12,31,6
1979-01-01,8221.0,1979,1,1,0
1979-01-02,8855.0,1979,1,2,1
1979-01-03,9351.0,1979,1,3,2
1979-01-04,9429.0,1979,1,4,3
1979-01-05,9586.0,1979,1,5,4
1979-01-06,8570.0,1979,1,6,5
1979-01-07,8013.0,1979,1,7,6
1979-01-08,9524.0,1979,1,8,0
1979-01-09,9310.0,1979,1,9,1
1979-01-10,9416.0,1979,1,10,2
1979-01-11,9409.0,1979,1,11,3
1979-01-12,9670.0,1979,1,12,4
1979-01-13,8649.0,1979,1,13,5
1979-01-14,8173.0,1979,1,14,6
1979-01-15,9554.0,1979,1,15,0
1979-01-16,9805.0,1979,1,16,1
1979-01-17,9513.0,1979,1,17,2
1979-01-18,9495.0,1979,1,18,3
1979-01-19,9875.0,1979,1,19,4
1979-01-20,8478.0,1979,1,20,5
1979-01-21,8019.0,1979,1,21,6
1979-01-22,9705.0,1979,1,22,0
1979-01-23,9794.0,1979,1,23,1
1979-01-24,9556.0,1979,1,24,2
1979-01-25,9656.0,1979,1,25,3
1979-01-26,9809.0,1979,1,26,4
1979-01-27,8372.0,1979,1,27,5
1979-01-28,8235.0,1979,1,28,6
1979-01-29,9732.0,1979,1,29,0
1979-01-30,9520.0,1979,1,30,1
1979-01-31,9576.0,1979,1,31,2
1979-02-01,9335.0,1979,2,1,3
1979-02-02,9895.0,1979,2,2,4
1979-02-03,8588.0,1979,2,3,5
1979-02-04,8193.0,1979,2,4,6
1979-02-05,9562.0,1979,2,5,0
1979-02-06,9835.0,1979,2,6,1
1979-02-07,9642.0,1979,2,7,2
1979-02-08,9577.0,1979,2,8,3
1979-02-09,9675.0,1979,2,9,4
1979-02-10,8576.0,1979,2,10,5
1979-02-11,8194.0,1979,2,11,6
1979-02-12,9663.0,1979,2,12,0
1979-02-13,9663.0,1979,2,13,1
1979-02-14,10038.0,1979,2,14,2
1979-02-15,9725.0,1979,2,15,3
1979-02-16,9823.0,1979,2,16,4
1979-02-17,8416.0,1979,2,17,5
1979-02-18,8195.0,1979,2,18,6
1979-02-19,9279.0,1979,2,19,0
1979-02-20,10052.0,1979,2,20,1
1979-02-21,9776.0,1979,2,21,2
1979-02-22,9697.0,1979,2,22,3
1979-02-23,10100.0,1979,2,23,4
1979-02-24,8625.0,1979,2,24,5
1979-02-25,8259.0,1979,2,25,6
1979-02-26,9567.0,1979,2,26,0
1979-02-27,9751.0,1979,2,27,1
1979-02-28,9662.0,1979,2,28,2
1979-03-01,9814.0,1979,3,1,3
1979-03-02,9753.0,1979,3,2,4
1979-03-03,8731.0,1979,3,3,5
1979-03-04,8228.0,1979,3,4,6
1979-03-05,9697.0,1979,3,5,0
1979-03-06,9667.0,1979,3,6,1
1979-03-07,9603.0,1979,3,7,2
1979-03-08,9779.0,1979,3,8,3
1979-03-09,9817.0,1979,3,9,4
1979-03-10,8531.0,1979,3,10,5
1979-03-11,7930.0,1979,3,11,6
1979-03-12,9624.0,1979,3,12,0
1979-03-13,9569.0,1979,3,13,1
1979-03-14,9629.0,1979,3,14,2
1979-03-15,9550.0,1979,3,15,3
1979-03-16,9676.0,1979,3,16,4
1979-03-17,8533.0,1979,3,17,5
1979-03-18,8191.0,1979,3,18,6
1979-03-19,9701.0,1979,3,19,0
1979-03-20,10110.0,1979,3,20,1
1979-03-21,9704.0,1979,3,21,2
1979-03-22,9597.0,1979,3,22,3
1979-03-23,9779.0,1979,3,23,4
1979-03-24,8563.0,1979,3,24,5
1979-03-25,8056.0,1979,3,25,6
1979-03-26,9514.0,1979,3,26,0
1979-03-27,9937.0,1979,3,27,1
1979-03-28,9825.0,1979,3,28,2
1979-03-29,9622.0,1979,3,29,3
1979-03-30,9856.0,1979,3,30,4
1979-03-31,8472.0,1979,3,31,5
1979-04-01,8126.0,1979,4,1,6
1979-04-02,9406.0,1979,4,2,0
1979-04-03,9592.0,1979,4,3,1
1979-04-04,9527.0,1979,4,4,2
1979-04-05,9517.0,1979,4,5,3
1979-04-06,9605.0,1979,4,6,4
1979-04-07,8130.0,1979,4,7,5
1979-04-08,7841.0,1979,4,8,6
1979-04-09,9647.0,1979,4,9,0
1979-04-10,9689.0,1979,4,10,1
1979-04-11,9500.0,1979,4,11,2
1979-04-12,9592.0,1979,4,12,3
1979-04-13,9070.0,1979,4,13,4
1979-04-14,8207.0,1979,4,14,5
1979-04-15,7615.0,1979,4,15,6
1979-04-16,9349.0,1979,4,16,0
1979-04-17,9777.0,1979,4,17,1
1979-04-18,9495.0,1979,4,18,2
1979-04-19,9248.0,1979,4,19,3
1979-04-20,9629.0,1979,4,20,4
1979-04-21,8197.0,1979,4,21,5
1979-04-22,7921.0,1979,4,22,6
1979-04-23,9534.0,1979,4,23,0
1979-04-24,9842.0,1979,4,24,1
1979-04-25,9635.0,1979,4,25,2
1979-04-26,9335.0,1979,4,26,3
1979-04-27,9564.0,1979,4,27,4
1979-04-28,7953.0,1979,4,28,5
1979-04-29,7497.0,1979,4,29,6
1979-04-30,9518.0,1979,4,30,0
1979-05-01,10096.0,1979,5,1,1
1979-05-02,9618.0,1979,5,2,2
1979-05-03,9555.0,1979,5,3,3
1979-05-04,9583.0,1979,5,4,4
1979-05-05,8164.0,1979,5,5,5
1979-05-06,7909.0,1979,5,6,6
1979-05-07,9752.0,1979,5,7,0
1979-05-08,10007.0,1979,5,8,1
1979-05-09,9722.0,1979,5,9,2
1979-05-10,9778.0,1979,5,10,3
1979-05-11,9854.0,1979,5,11,4
1979-05-12,8274.0,1979,5,12,5
1979-05-13,8069.0,1979,5,13,6
1979-05-14,9482.0,1979,5,14,0
1979-05-15,9779.0,1979,5,15,1
1979-05-16,9539.0,1979,5,16,2
1979-05-17,9401.0,1979,5,17,3
1979-05-18,9538.0,1979,5,18,4
1979-05-19,8350.0,1979,5,19,5
1979-05-20,8081.0,1979,5,20,6
1979-05-21,9737.0,1979,5,21,0
1979-05-22,9772.0,1979,5,22,1
1979-05-23,9781.0,1979,5,23,2
1979-05-24,9745.0,1979,5,24,3
1979-05-25,9858.0,1979,5,25,4
1979-05-26,8364.0,1979,5,26,5
1979-05-27,7945.0,1979,5,27,6
1979-05-28,8394.0,1979,5,28,0
1979-05-29,9835.0,1979,5,29,1
1979-05-30,9854.0,1979,5,30,2
1979-05-31,9723.0,1979,5,31,3
1979-06-01,9887.0,1979,6,1,4
1979-06-02,8549.0,1979,6,2,5
1979-06-03,8190.0,1979,6,3,6
1979-06-04,9771.0,1979,6,4,0
1979-06-05,9851.0,1979,6,5,1
1979-06-06,9841.0,1979,6,6,2
1979-06-07,9722.0,1979,6,7,3
1979-06-08,9589.0,1979,6,8,4
1979-06-09,8331.0,1979,6,9,5
1979-06-10,8309.0,1979,6,10,6
1979-06-11,9603.0,1979,6,11,0
1979-06-12,9820.0,1979,6,12,1
1979-06-13,9546.0,1979,6,13,2
1979-06-14,9798.0,1979,6,14,3
1979-06-15,9815.0,1979,6,15,4
1979-06-16,8661.0,1979,6,16,5
1979-06-17,8175.0,1979,6,17,6
1979-06-18,9732.0,1979,6,18,0
1979-06-19,10014.0,1979,6,19,1
1979-06-20,10091.0,1979,6,20,2
1979-06-21,9768.0,1979,6,21,3
1979-06-22,10007.0,1979,6,22,4
1979-06-23,8485.0,1979,6,23,5
1979-06-24,8132.0,1979,6,24,6
1979-06-25,9572.0,1979,6,25,0
1979-06-26,10116.0,1979,6,26,1
1979-06-27,10081.0,1979,6,27,2
1979-06-28,10086.0,1979,6,28,3
1979-06-29,10253.0,1979,6,29,4
1979-06-30,8923.0,1979,6,30,5
1979-07-01,8563.0,1979,7,1,6
1979-07-02,10075.0,1979,7,2,0
1979-07-03,10516.0,1979,7,3,1
1979-07-04,8708.0,1979,7,4,2
1979-07-05,9946.0,1979,7,5,3
1979-07-06,10353.0,1979,7,6,4
1979-07-07,9017.0,1979,7,7,5
1979-07-08,8624.0,1979,7,8,6
1979-07-09,10555.0,1979,7,9,0
1979-07-10,10793.0,1979,7,10,1
1979-07-11,10368.0,1979,7,11,2
1979-07-12,10729.0,1979,7,12,3
1979-07-13,10710.0,1979,7,13,4
1979-07-14,9344.0,1979,7,14,5
1979-07-15,9012.0,1979,7,15,6
1979-07-16,10481.0,1979,7,16,0
1979-07-17,10827.0,1979,7,17,1
1979-07-18,10531.0,1979,7,18,2
1979-07-19,10456.0,1979,7,19,3
1979-07-20,10668.0,1979,7,20,4
1979-07-21,9148.0,1979,7,21,5
1979-07-22,8873.0,1979,7,22,6
1979-07-23,10605.0,1979,7,23,0
1979-07-24,10851.0,1979,7,24,1
1979-07-25,10737.0,1979,7,25,2
1979-07-26,10663.0,1979,7,26,3
1979-07-27,10800.0,1979,7,27,4
1979-07-28,9418.0,1979,7,28,5
1979-07-29,8894.0,1979,7,29,6
1979-07-30,10534.0,1979,7,30,0
1979-07-31,10842.0,1979,7,31,1
1979-08-01,10876.0,1979,8,1,2
1979-08-02,10692.0,1979,8,2,3
1979-08-03,10797.0,1979,8,3,4
1979-08-04,9427.0,1979,8,4,5
1979-08-05,8887.0,1979,8,5,6
1979-08-06,10653.0,1979,8,6,0
1979-08-07,10853.0,1979,8,7,1
1979-08-08,10830.0,1979,8,8,2
1979-08-09,10570.0,1979,8,9,3
1979-08-10,10834.0,1979,8,10,4
1979-08-11,9286.0,1979,8,11,5
1979-08-12,8721.0,1979,8,12,6
1979-08-13,10096.0,1979,8,13,0
1979-08-14,10934.0,1979,8,14,1
1979-08-15,10490.0,1979,8,15,2
1979-08-16,10386.0,1979,8,16,3
1979-08-17,10398.0,1979,8,17,4
1979-08-18,9241.0,1979,8,18,5
1979-08-19,9196.0,1979,8,19,6
1979-08-20,10660.0,1979,8,20,0
1979-08-21,10910.0,1979,8,21,1
1979-08-22,10565.0,1979,8,22,2
1979-08-23,10700.0,1979,8,23,3
1979-08-24,10571.0,1979,8,24,4
1979-08-25,9325.0,1979,8,25,5
1979-08-26,8924.0,1979,8,26,6
1979-08-27,10577.0,1979,8,27,0
1979-08-28,11049.0,1979,8,28,1
1979-08-29,10534.0,1979,8,29,2
1979-08-30,10646.0,1979,8,30,3
1979-08-31,10873.0,1979,8,31,4
1979-09-01,9124.0,1979,9,1,5
1979-09-02,8738.0,1979,9,2,6
1979-09-03,8991.0,1979,9,3,0
1979-09-04,10494.0,1979,9,4,1
1979-09-05,11026.0,1979,9,5,2
1979-09-06,10796.0,1979,9,6,3
1979-09-07,10741.0,1979,9,7,4
1979-09-08,9160.0,1979,9,8,5
1979-09-09,8970.0,1979,9,9,6
1979-09-10,10577.0,1979,9,10,0
1979-09-11,11081.0,1979,9,11,1
1979-09-12,10598.0,1979,9,12,2
1979-09-13,10685.0,1979,9,13,3
1979-09-14,10994.0,1979,9,14,4
1979-09-15,9368.0,1979,9,15,5
1979-09-16,9225.0,1979,9,16,6
1979-09-17,10804.0,1979,9,17,0
1979-09-18,11185.0,1979,9,18,1
1979-09-19,11043.0,1979,9,19,2
1979-09-20,10699.0,1979,9,20,3
1979-09-21,10911.0,1979,9,21,4
1979-09-22,9383.0,1979,9,22,5
1979-09-23,9141.0,1979,9,23,6
1979-09-24,10954.0,1979,9,24,0
1979-09-25,11061.0,1979,9,25,1
1979-09-26,10807.0,1979,9,26,2
1979-09-27,11013.0,1979,9,27,3
1979-09-28,10915.0,1979,9,28,4
1979-09-29,9542.0,1979,9,29,5
1979-09-30,9112.0,1979,9,30,6
1979-10-01,10475.0,1979,10,1,0
1979-10-02,10911.0,1979,10,2,1
1979-10-03,10597.0,1979,10,3,2
1979-10-04,10314.0,1979,10,4,3
1979-10-05,10600.0,1979,10,5,4
1979-10-06,9138.0,1979,10,6,5
1979-10-07,8618.0,1979,10,7,6
1979-10-08,10043.0,1979,10,8,0
1979-10-09,10350.0,1979,10,9,1
1979-10-10,10199.0,1979,10,10,2
1979-10-11,10106.0,1979,10,11,3
1979-10-12,10421.0,1979,10,12,4
1979-10-13,8964.0,1979,10,13,5
1979-10-14,8482.0,1979,10,14,6
1979-10-15,10164.0,1979,10,15,0
1979-10-16,10256.0,1979,10,16,1
1979-10-17,10007.0,1979,10,17,2
1979-10-18,9774.0,1979,10,18,3
1979-10-19,10233.0,1979,10,19,4
1979-10-20,8691.0,1979,10,20,5
1979-10-21,8654.0,1979,10,21,6
1979-10-22,10246.0,1979,10,22,0
1979-10-23,10197.0,1979,10,23,1
1979-10-24,9984.0,1979,10,24,2
1979-10-25,9906.0,1979,10,25,3
1979-10-26,9987.0,1979,10,26,4
1979-10-27,8573.0,1979,10,27,5
1979-10-28,8598.0,1979,10,28,6
1979-10-29,9920.0,1979,10,29,0
1979-10-30,10502.0,1979,10,30,1
1979-10-31,9684.0,1979,10,31,2
1979-11-01,9919.0,1979,11,1,3
1979-11-02,10174.0,1979,11,2,4
1979-11-03,8630.0,1979,11,3,5
1979-11-04,8252.0,1979,11,4,6
1979-11-05,10056.0,1979,11,5,0
1979-11-06,10276.0,1979,11,6,1
1979-11-07,9966.0,1979,11,7,2
1979-11-08,10108.0,1979,11,8,3
1979-11-09,10102.0,1979,11,9,4
1979-11-10,8799.0,1979,11,10,5
1979-11-11,8760.0,1979,11,11,6
1979-11-12,9894.0,1979,11,12,0
1979-11-13,10451.0,1979,11,13,1
1979-11-14,10150.0,1979,11,14,2
1979-11-15,10181.0,1979,11,15,3
1979-11-16,10272.0,1979,11,16,4
1979-11-17,8696.0,1979,11,17,5
1979-11-18,8399.0,1979,11,18,6
1979-11-19,10355.0,1979,11,19,0
1979-11-20,10765.0,1979,11,20,1
1979-11-21,10043.0,1979,11,21,2
1979-11-22,8164.0,1979,11,22,3
1979-11-23,9480.0,1979,11,23,4
1979-11-24,8774.0,1979,11,24,5
1979-11-25,8342.0,1979,11,25,6
1979-11-26,10009.0,1979,11,26,0
1979-11-27,10274.0,1979,11,27,1
1979-11-28,9988.0,1979,11,28,2
1979-11-29,9720.0,1979,11,29,3
1979-11-30,9758.0,1979,11,30,4
1979-12-01,8343.0,1979,12,1,5
1979-12-02,8430.0,1979,12,2,6
1979-12-03,9642.0,1979,12,3,0
1979-12-04,10282.0,1979,12,4,1
1979-12-05,9932.0,1979,12,5,2
1979-12-06,10021.0,1979,12,6,3
1979-12-07,9869.0,1979,12,7,4
1979-12-08,8709.0,1979,12,8,5
1979-12-09,8213.0,1979,12,9,6
1979-12-10,9932.0,1979,12,10,0
1979-12-11,10308.0,1979,12,11,1
1979-12-12,10050.0,1979,12,12,2
1979-12-13,9700.0,1979,12,13,3
1979-12-14,9944.0,1979,12,14,4
1979-12-15,8473.0,1979,12,15,5
1979-12-16,8209.0,1979,12,16,6
1979-12-17,10273.0,1979,12,17,0
1979-12-18,10592.0,1979,12,18,1
1979-12-19,10257.0,1979,12,19,2
1979-12-20,10022.0,1979,12,20,3
1979-12-21,9963.0,1979,12,21,4
1979-12-22,8536.0,1979,12,22,5
1979-12-23,8104.0,1979,12,23,6
1979-12-24,8490.0,1979,12,24,0
1979-12-25,7968.0,1979,12,25,1
1979-12-26,9231.0,1979,12,26,2
1979-12-27,10504.0,1979,12,27,3
1979-12-28,10961.0,1979,12,28,4
1979-12-29,8990.0,1979,12,29,5
1979-12-30,8250.0,1979,12,30,6
1979-12-31,9782.0,1979,12,31,0
1980-01-01,8232.0,1980,1,1,1
1980-01-02,9011.0,1980,1,2,2
1980-01-03,9902.0,1980,1,3,3
1980-01-04,9939.0,1980,1,4,4
1980-01-05,8691.0,1980,1,5,5
1980-01-06,8213.0,1980,1,6,6
1980-01-07,9833.0,1980,1,7,0
1980-01-08,9822.0,1980,1,8,1
1980-01-09,9564.0,1980,1,9,2
1980-01-10,9759.0,1980,1,10,3
1980-01-11,10234.0,1980,1,11,4
1980-01-12,8613.0,1980,1,12,5
1980-01-13,8291.0,1980,1,13,6
1980-01-14,10101.0,1980,1,14,0
1980-01-15,9972.0,1980,1,15,1
1980-01-16,9660.0,1980,1,16,2
1980-01-17,9812.0,1980,1,17,3
1980-01-18,10180.0,1980,1,18,4
1980-01-19,8730.0,1980,1,19,5
1980-01-20,8457.0,1980,1,20,6
1980-01-21,9675.0,1980,1,21,0
1980-01-22,10076.0,1980,1,22,1
1980-01-23,9593.0,1980,1,23,2
1980-01-24,9908.0,1980,1,24,3
1980-01-25,10067.0,1980,1,25,4
1980-01-26,8730.0,1980,1,26,5
1980-01-27,8258.0,1980,1,27,6
1980-01-28,9880.0,1980,1,28,0
1980-01-29,9868.0,1980,1,29,1
1980-01-30,9677.0,1980,1,30,2
1980-01-31,9739.0,1980,1,31,3
1980-02-01,9996.0,1980,2,1,4
1980-02-02,8798.0,1980,2,2,5
1980-02-03,8285.0,1980,2,3,6
1980-02-04,9816.0,1980,2,4,0
1980-02-05,10251.0,1980,2,5,1
1980-02-06,9907.0,1980,2,6,2
1980-02-07,10108.0,1980,2,7,3
1980-02-08,10001.0,1980,2,8,4
1980-02-09,8772.0,1980,2,9,5
1980-02-10,8354.0,1980,2,10,6
1980-02-11,10154.0,1980,2,11,0
1980-02-12,10252.0,1980,2,12,1
1980-02-13,9790.0,1980,2,13,2
1980-02-14,10432.0,1980,2,14,3
1980-02-15,10201.0,1980,2,15,4
1980-02-16,8918.0,1980,2,16,5
1980-02-17,8571.0,1980,2,17,6
1980-02-18,9716.0,1980,2,18,0
1980-02-19,10175.0,1980,2,19,1
1980-02-20,10093.0,1980,2,20,2
1980-02-21,10156.0,1980,2,21,3
1980-02-22,10268.0,1980,2,22,4
1980-02-23,8956.0,1980,2,23,5
1980-02-24,8604.0,1980,2,24,6
1980-02-25,10032.0,1980,2,25,0
1980-02-26,10177.0,1980,2,26,1
1980-02-27,9783.0,1980,2,27,2
1980-02-28,10211.0,1980,2,28,3
1980-02-29,9615.0,1980,2,29,4
1980-03-01,8610.0,1980,3,1,5
1980-03-02,8339.0,1980,3,2,6
1980-03-03,10053.0,1980,3,3,0
1980-03-04,10113.0,1980,3,4,1
1980-03-05,9978.0,1980,3,5,2
1980-03-06,10067.0,1980,3,6,3
1980-03-07,10043.0,1980,3,7,4
1980-03-08,8883.0,1980,3,8,5
1980-03-09,8440.0,1980,3,9,6
1980-03-10,9922.0,1980,3,10,0
1980-03-11,10234.0,1980,3,11,1
1980-03-12,10075.0,1980,3,12,2
1980-03-13,9770.0,1980,3,13,3
1980-03-14,9961.0,1980,3,14,4
1980-03-15,8711.0,1980,3,15,5
1980-03-16,8429.0,1980,3,16,6
1980-03-17,10259.0,1980,3,17,0
1980-03-18,10101.0,1980,3,18,1
1980-03-19,10111.0,1980,3,19,2
1980-03-20,9799.0,1980,3,20,3
1980-03-21,10356.0,1980,3,21,4
1980-03-22,8902.0,1980,3,22,5
1980-03-23,8530.0,1980,3,23,6
1980-03-24,10100.0,1980,3,24,0
1980-03-25,10553.0,1980,3,25,1
1980-03-26,10094.0,1980,3,26,2
1980-03-27,9952.0,1980,3,27,3
1980-03-28,10115.0,1980,3,28,4
1980-03-29,8867.0,1980,3,29,5
1980-03-30,8482.0,1980,3,30,6
1980-03-31,9897.0,1980,3,31,0
1980-04-01,10146.0,1980,4,1,1
1980-04-02,10088.0,1980,4,2,2
1980-04-03,9887.0,1980,4,3,3
1980-04-04,10033.0,1980,4,4,4
1980-04-05,8476.0,1980,4,5,5
1980-04-06,8413.0,1980,4,6,6
1980-04-07,9863.0,1980,4,7,0
1980-04-08,10323.0,1980,4,8,1
1980-04-09,9957.0,1980,4,9,2
1980-04-10,9943.0,1980,4,10,3
1980-04-11,9945.0,1980,4,11,4
1980-04-12,8544.0,1980,4,12,5
1980-04-13,8281.0,1980,4,13,6
1980-04-14,9821.0,1980,4,14,0
1980-04-15,10141.0,1980,4,15,1
1980-04-16,10130.0,1980,4,16,2
1980-04-17,9751.0,1980,4,17,3
1980-04-18,9961.0,1980,4,18,4
1980-04-19,8642.0,1980,4,19,5
1980-04-20,8460.0,1980,4,20,6
1980-04-21,10004.0,1980,4,21,0
1980-04-22,10344.0,1980,4,22,1
1980-04-23,9985.0,1980,4,23,2
1980-04-24,9870.0,1980,4,24,3
1980-04-25,10007.0,1980,4,25,4
1980-04-26,8410.0,1980,4,26,5
1980-04-27,7856.0,1980,4,27,6
1980-04-28,9926.0,1980,4,28,0
1980-04-29,10155.0,1980,4,29,1
1980-04-30,9832.0,1980,4,30,2
1980-05-01,10131.0,1980,5,1,3
1980-05-02,9991.0,1980,5,2,4
1980-05-03,8659.0,1980,5,3,5
1980-05-04,8086.0,1980,5,4,6
1980-05-05,9951.0,1980,5,5,0
1980-05-06,10199.0,1980,5,6,1
1980-05-07,9524.0,1980,5,7,2
1980-05-08,9418.0,1980,5,8,3
1980-05-09,9766.0,1980,5,9,4
1980-05-10,8431.0,1980,5,10,5
1980-05-11,8312.0,1980,5,11,6
1980-05-12,9922.0,1980,5,12,0
1980-05-13,9967.0,1980,5,13,1
1980-05-14,9717.0,1980,5,14,2
1980-05-15,9832.0,1980,5,15,3
1980-05-16,9842.0,1980,5,16,4
1980-05-17,8385.0,1980,5,17,5
1980-05-18,8323.0,1980,5,18,6
1980-05-19,9984.0,1980,5,19,0
1980-05-20,10571.0,1980,5,20,1
1980-05-21,9682.0,1980,5,21,2
1980-05-22,10109.0,1980,5,22,3
1980-05-23,10258.0,1980,5,23,4
1980-05-24,8659.0,1980,5,24,5
1980-05-25,8462.0,1980,5,25,6
1980-05-26,8644.0,1980,5,26,0
1980-05-27,10149.0,1980,5,27,1
1980-05-28,10198.0,1980,5,28,2
1980-05-29,10189.0,1980,5,29,3
1980-05-30,10182.0,1980,5,30,4
1980-05-31,8574.0,1980,5,31,5
1980-06-01,8454.0,1980,6,1,6
1980-06-02,9933.0,1980,6,2,0
1980-06-03,10258.0,1980,6,3,1
1980-06-04,10010.0,1980,6,4,2
1980-06-05,9978.0,1980,6,5,3
1980-06-06,10222.0,1980,6,6,4
1980-06-07,8816.0,1980,6,7,5
1980-06-08,8183.0,1980,6,8,6
1980-06-09,9666.0,1980,6,9,0
1980-06-10,10340.0,1980,6,10,1
1980-06-11,10042.0,1980,6,11,2
1980-06-12,9966.0,1980,6,12,3
1980-06-13,9887.0,1980,6,13,4
1980-06-14,8715.0,1980,6,14,5
1980-06-15,8674.0,1980,6,15,6
1980-06-16,10249.0,1980,6,16,0
1980-06-17,10209.0,1980,6,17,1
1980-06-18,10336.0,1980,6,18,2
1980-06-19,10240.0,1980,6,19,3
1980-06-20,10326.0,1980,6,20,4
1980-06-21,8812.0,1980,6,21,5
1980-06-22,8733.0,1980,6,22,6
1980-06-23,10492.0,1980,6,23,0
1980-06-24,10859.0,1980,6,24,1
1980-06-25,10550.0,1980,6,25,2
1980-06-26,10621.0,1980,6,26,3
1980-06-27,10688.0,1980,6,27,4
1980-06-28,9011.0,1980,6,28,5
1980-06-29,8820.0,1980,6,29,6
1980-06-30,10371.0,1980,6,30,0
1980-07-01,10921.0,1980,7,1,1
1980-07-02,10914.0,1980,7,2,2
1980-07-03,10694.0,1980,7,3,3
1980-07-04,9203.0,1980,7,4,4
1980-07-05,9228.0,1980,7,5,5
1980-07-06,8917.0,1980,7,6,6
1980-07-07,10484.0,1980,7,7,0
1980-07-08,11290.0,1980,7,8,1
1980-07-09,10800.0,1980,7,9,2
1980-07-10,10768.0,1980,7,10,3
1980-07-11,11078.0,1980,7,11,4
1980-07-12,9270.0,1980,7,12,5
1980-07-13,8943.0,1980,7,13,6
1980-07-14,10613.0,1980,7,14,0
1980-07-15,11095.0,1980,7,15,1
1980-07-16,11065.0,1980,7,16,2
1980-07-17,11062.0,1980,7,17,3
1980-07-18,10696.0,1980,7,18,4
1980-07-19,9191.0,1980,7,19,5
1980-07-20,9129.0,1980,7,20,6
1980-07-21,10853.0,1980,7,21,0
1980-07-22,11067.0,1980,7,22,1
1980-07-23,10616.0,1980,7,23,2
1980-07-24,10615.0,1980,7,24,3
1980-07-25,10785.0,1980,7,25,4
1980-07-26,9429.0,1980,7,26,5
1980-07-27,9139.0,1980,7,27,6
1980-07-28,10926.0,1980,7,28,0
1980-07-29,11461.0,1980,7,29,1
1980-07-30,11126.0,1980,7,30,2
1980-07-31,10975.0,1980,7,31,3
1980-08-01,11006.0,1980,8,1,4
1980-08-02,9585.0,1980,8,2,5
1980-08-03,9176.0,1980,8,3,6
1980-08-04,10783.0,1980,8,4,0
1980-08-05,11194.0,1980,8,5,1
1980-08-06,10785.0,1980,8,6,2
1980-08-07,11044.0,1980,8,7,3
1980-08-08,11492.0,1980,8,8,4
1980-08-09,9466.0,1980,8,9,5
1980-08-10,9145.0,1980,8,10,6
1980-08-11,11026.0,1980,8,11,0
1980-08-12,11371.0,1980,8,12,1
1980-08-13,10923.0,1980,8,13,2
1980-08-14,10756.0,1980,8,14,3
1980-08-15,10897.0,1980,8,15,4
1980-08-16,9361.0,1980,8,16,5
1980-08-17,9001.0,1980,8,17,6
1980-08-18,10933.0,1980,8,18,0
1980-08-19,11193.0,1980,8,19,1
1980-08-20,10942.0,1980,8,20,2
1980-08-21,10811.0,1980,8,21,3
1980-08-22,10779.0,1980,8,22,4
1980-08-23,9271.0,1980,8,23,5
1980-08-24,9103.0,1980,8,24,6
1980-08-25,10910.0,1980,8,25,0
1980-08-26,11151.0,1980,8,26,1
1980-08-27,11005.0,1980,8,27,2
1980-08-28,11007.0,1980,8,28,3
1980-08-29,10925.0,1980,8,29,4
1980-08-30,9510.0,1980,8,30,5
1980-08-31,9092.0,1980,8,31,6
1980-09-01,9129.0,1980,9,1,0
1980-09-02,11057.0,1980,9,2,1
1980-09-03,11174.0,1980,9,3,2
1980-09-04,11039.0,1980,9,4,3
1980-09-05,11013.0,1980,9,5,4
1980-09-06,9545.0,1980,9,6,5
1980-09-07,9287.0,1980,9,7,6
1980-09-08,10900.0,1980,9,8,0
1980-09-09,11019.0,1980,9,9,1
1980-09-10,11003.0,1980,9,10,2
1980-09-11,10796.0,1980,9,11,3
1980-09-12,11198.0,1980,9,12,4
1980-09-13,9673.0,1980,9,13,5
1980-09-14,9499.0,1980,9,14,6
1980-09-15,11424.0,1980,9,15,0
1980-09-16,11414.0,1980,9,16,1
1980-09-17,11292.0,1980,9,17,2
1980-09-18,11317.0,1980,9,18,3
1980-09-19,11326.0,1980,9,19,4
1980-09-20,9967.0,1980,9,20,5
1980-09-21,9773.0,1980,9,21,6
1980-09-22,11613.0,1980,9,22,0
1980-09-23,11722.0,1980,9,23,1
1980-09-24,11333.0,1980,9,24,2
1980-09-25,10977.0,1980,9,25,3
1980-09-26,11163.0,1980,9,26,4
1980-09-27,9754.0,1980,9,27,5
1980-09-28,9263.0,1980,9,28,6
1980-09-29,11099.0,1980,9,29,0
1980-09-30,11301.0,1980,9,30,1
1980-10-01,11104.0,1980,10,1,2
1980-10-02,10929.0,1980,10,2,3
1980-10-03,11048.0,1980,10,3,4
1980-10-04,9352.0,1980,10,4,5
1980-10-05,9013.0,1980,10,5,6
1980-10-06,10539.0,1980,10,6,0
1980-10-07,10602.0,1980,10,7,1
1980-10-08,10827.0,1980,10,8,2
1980-10-09,10684.0,1980,10,9,3
1980-10-10,10754.0,1980,10,10,4
1980-10-11,8984.0,1980,10,11,5
1980-10-12,8674.0,1980,10,12,6
1980-10-13,10093.0,1980,10,13,0
1980-10-14,10612.0,1980,10,14,1
1980-10-15,10580.0,1980,10,15,2
1980-10-16,10232.0,1980,10,16,3
1980-10-17,10328.0,1980,10,17,4
1980-10-18,8970.0,1980,10,18,5
1980-10-19,8669.0,1980,10,19,6
1980-10-20,10289.0,1980,10,20,0
1980-10-21,10373.0,1980,10,21,1
1980-10-22,10089.0,1980,10,22,2
1980-10-23,10051.0,1980,10,23,3
1980-10-24,10380.0,1980,10,24,4
1980-10-25,8870.0,1980,10,25,5
1980-10-26,9159.0,1980,10,26,6
1980-10-27,10100.0,1980,10,27,0
1980-10-28,10327.0,1980,10,28,1
1980-10-29,10081.0,1980,10,29,2
1980-10-30,9982.0,1980,10,30,3
1980-10-31,10101.0,1980,10,31,4
1980-11-01,8851.0,1980,11,1,5
1980-11-02,8641.0,1980,11,2,6
1980-11-03,10289.0,1980,11,3,0
1980-11-04,10465.0,1980,11,4,1
1980-11-05,10373.0,1980,11,5,2
1980-11-06,10128.0,1980,11,6,3
1980-11-07,10517.0,1980,11,7,4
1980-11-08,8906.0,1980,11,8,5
1980-11-09,8745.0,1980,11,9,6
1980-11-10,10249.0,1980,11,10,0
1980-11-11,10326.0,1980,11,11,1
1980-11-12,10059.0,1980,11,12,2
1980-11-13,9930.0,1980,11,13,3
1980-11-14,10413.0,1980,11,14,4
1980-11-15,8829.0,1980,11,15,5
1980-11-16,8563.0,1980,11,16,6
1980-11-17,10175.0,1980,11,17,0
1980-11-18,10500.0,1980,11,18,1
1980-11-19,10180.0,1980,11,19,2
1980-11-20,9977.0,1980,11,20,3
1980-11-21,10243.0,1980,11,21,4
1980-11-22,8680.0,1980,11,22,5
1980-11-23,8443.0,1980,11,23,6
1980-11-24,10447.0,1980,11,24,0
1980-11-25,10496.0,1980,11,25,1
1980-11-26,10236.0,1980,11,26,2
1980-11-27,8134.0,1980,11,27,3
1980-11-28,9649.0,1980,11,28,4
1980-11-29,8821.0,1980,11,29,5
1980-11-30,8830.0,1980,11,30,6
1980-12-01,10225.0,1980,12,1,0
1980-12-02,10711.0,1980,12,2,1
1980-12-03,10105.0,1980,12,3,2
1980-12-04,9925.0,1980,12,4,3
1980-12-05,10288.0,1980,12,5,4
1980-12-06,8659.0,1980,12,6,5
1980-12-07,8513.0,1980,12,7,6
1980-12-08,10368.0,1980,12,8,0
1980-12-09,10322.0,1980,12,9,1
1980-12-10,10120.0,1980,12,10,2
1980-12-11,9998.0,1980,12,11,3
1980-12-12,10039.0,1980,12,12,4
1980-12-13,8758.0,1980,12,13,5
1980-12-14,8523.0,1980,12,14,6
1980-12-15,10508.0,1980,12,15,0
1980-12-16,10772.0,1980,12,16,1
1980-12-17,10524.0,1980,12,17,2
1980-12-18,10580.0,1980,12,18,3
1980-12-19,10662.0,1980,12,19,4
1980-12-20,8526.0,1980,12,20,5
1980-12-21,8289.0,1980,12,21,6
1980-12-22,10035.0,1980,12,22,0
1980-12-23,10118.0,1980,12,23,1
1980-12-24,8979.0,1980,12,24,2
1980-12-25,7979.0,1980,12,25,3
1980-12-26,9313.0,1980,12,26,4
1980-12-27,8748.0,1980,12,27,5
1980-12-28,8576.0,1980,12,28,6
1980-12-29,10881.0,1980,12,29,0
1980-12-30,11603.0,1980,12,30,1
1980-12-31,10947.0,1980,12,31,2
1981-01-01,8299.0,1981,1,1,3
1981-01-02,9045.0,1981,1,2,4
1981-01-03,8458.0,1981,1,3,5
1981-01-04,8295.0,1981,1,4,6
1981-01-05,9614.0,1981,1,5,0
1981-01-06,10128.0,1981,1,6,1
1981-01-07,10140.0,1981,1,7,2
1981-01-08,9423.0,1981,1,8,3
1981-01-09,9702.0,1981,1,9,4
1981-01-10,8449.0,1981,1,10,5
1981-01-11,8276.0,1981,1,11,6
1981-01-12,9900.0,1981,1,12,0
1981-01-13,10163.0,1981,1,13,1
1981-01-14,10419.0,1981,1,14,2
1981-01-15,10157.0,1981,1,15,3
1981-01-16,10164.0,1981,1,16,4
1981-01-17,8601.0,1981,1,17,5
1981-01-18,8402.0,1981,1,18,6
1981-01-19,10368.0,1981,1,19,0
1981-01-20,10455.0,1981,1,20,1
1981-01-21,10166.0,1981,1,21,2
1981-01-22,10003.0,1981,1,22,3
1981-01-23,10123.0,1981,1,23,4
1981-01-24,8825.0,1981,1,24,5
1981-01-25,8369.0,1981,1,25,6
1981-01-26,10213.0,1981,1,26,0
1981-01-27,10346.0,1981,1,27,1
1981-01-28,10145.0,1981,1,28,2
1981-01-29,9874.0,1981,1,29,3
1981-01-30,10106.0,1981,1,30,4
1981-01-31,8457.0,1981,1,31,5
1981-02-01,8474.0,1981,2,1,6
1981-02-02,10285.0,1981,2,2,0
1981-02-03,10231.0,1981,2,3,1
1981-02-04,10083.0,1981,2,4,2
1981-02-05,9985.0,1981,2,5,3
1981-02-06,10099.0,1981,2,6,4
1981-02-07,8563.0,1981,2,7,5
1981-02-08,8611.0,1981,2,8,6
1981-02-09,10313.0,1981,2,9,0
1981-02-10,10355.0,1981,2,10,1
1981-02-11,10112.0,1981,2,11,2
1981-02-12,10332.0,1981,2,12,3
1981-02-13,9670.0,1981,2,13,4
1981-02-14,9114.0,1981,2,14,5
1981-02-15,8538.0,1981,2,15,6
1981-02-16,9796.0,1981,2,16,0
1981-02-17,10409.0,1981,2,17,1
1981-02-18,10313.0,1981,2,18,2
1981-02-19,10337.0,1981,2,19,3
1981-02-20,10368.0,1981,2,20,4
1981-02-21,8975.0,1981,2,21,5
1981-02-22,8657.0,1981,2,22,6
1981-02-23,10157.0,1981,2,23,0
1981-02-24,10423.0,1981,2,24,1
1981-02-25,10270.0,1981,2,25,2
1981-02-26,10054.0,1981,2,26,3
1981-02-27,10226.0,1981,2,27,4
1981-02-28,8892.0,1981,2,28,5
1981-03-01,8534.0,1981,3,1,6
1981-03-02,10130.0,1981,3,2,0
1981-03-03,10471.0,1981,3,3,1
1981-03-04,10277.0,1981,3,4,2
1981-03-05,10168.0,1981,3,5,3
1981-03-06,10134.0,1981,3,6,4
1981-03-07,8697.0,1981,3,7,5
1981-03-08,8369.0,1981,3,8,6
1981-03-09,9912.0,1981,3,9,0
1981-03-10,10348.0,1981,3,10,1
1981-03-11,10184.0,1981,3,11,2
1981-03-12,10137.0,1981,3,12,3
1981-03-13,9961.0,1981,3,13,4
1981-03-14,8937.0,1981,3,14,5
1981-03-15,8338.0,1981,3,15,6
1981-03-16,10269.0,1981,3,16,0
1981-03-17,10731.0,1981,3,17,1
1981-03-18,10129.0,1981,3,18,2
1981-03-19,10030.0,1981,3,19,3
1981-03-20,10184.0,1981,3,20,4
1981-03-21,8773.0,1981,3,21,5
1981-03-22,8458.0,1981,3,22,6
1981-03-23,10040.0,1981,3,23,0
1981-03-24,10453.0,1981,3,24,1
1981-03-25,10090.0,1981,3,25,2
1981-03-26,10193.0,1981,3,26,3
1981-03-27,10454.0,1981,3,27,4
1981-03-28,8835.0,1981,3,28,5
1981-03-29,8532.0,1981,3,29,6
1981-03-30,10063.0,1981,3,30,0
1981-03-31,10327.0,1981,3,31,1
1981-04-01,9860.0,1981,4,1,2
1981-04-02,10004.0,1981,4,2,3
1981-04-03,10151.0,1981,4,3,4
1981-04-04,8888.0,1981,4,4,5
1981-04-05,8378.0,1981,4,5,6
1981-04-06,9988.0,1981,4,6,0
1981-04-07,10356.0,1981,4,7,1
1981-04-08,10034.0,1981,4,8,2
1981-04-09,10052.0,1981,4,9,3
1981-04-10,10115.0,1981,4,10,4
1981-04-11,8702.0,1981,4,11,5
1981-04-12,8338.0,1981,4,12,6
1981-04-13,9736.0,1981,4,13,0
1981-04-14,10277.0,1981,4,14,1
1981-04-15,9966.0,1981,4,15,2
1981-04-16,9634.0,1981,4,16,3
1981-04-17,9593.0,1981,4,17,4
1981-04-18,8349.0,1981,4,18,5
1981-04-19,8122.0,1981,4,19,6
1981-04-20,9558.0,1981,4,20,0
1981-04-21,10155.0,1981,4,21,1
1981-04-22,9992.0,1981,4,22,2
1981-04-23,10078.0,1981,4,23,3
1981-04-24,9921.0,1981,4,24,4
1981-04-25,8431.0,1981,4,25,5
1981-04-26,7756.0,1981,4,26,6
1981-04-27,9657.0,1981,4,27,0
1981-04-28,10242.0,1981,4,28,1
1981-04-29,9959.0,1981,4,29,2
1981-04-30,9675.0,1981,4,30,3
1981-05-01,10047.0,1981,5,1,4
1981-05-02,8329.0,1981,5,2,5
1981-05-03,8115.0,1981,5,3,6
1981-05-04,9755.0,1981,5,4,0
1981-05-05,10383.0,1981,5,5,1
1981-05-06,9884.0,1981,5,6,2
1981-05-07,9906.0,1981,5,7,3
1981-05-08,10086.0,1981,5,8,4
1981-05-09,8354.0,1981,5,9,5
1981-05-10,8504.0,1981,5,10,6
1981-05-11,9942.0,1981,5,11,0
1981-05-12,10076.0,1981,5,12,1
1981-05-13,9895.0,1981,5,13,2
1981-05-14,10145.0,1981,5,14,3
1981-05-15,10195.0,1981,5,15,4
1981-05-16,8518.0,1981,5,16,5
1981-05-17,8194.0,1981,5,17,6
1981-05-18,10159.0,1981,5,18,0
1981-05-19,10309.0,1981,5,19,1
1981-05-20,10086.0,1981,5,20,2
1981-05-21,10182.0,1981,5,21,3
1981-05-22,10424.0,1981,5,22,4
1981-05-23,8760.0,1981,5,23,5
1981-05-24,8344.0,1981,5,24,6
1981-05-25,8843.0,1981,5,25,0
1981-05-26,10471.0,1981,5,26,1
1981-05-27,10674.0,1981,5,27,2
1981-05-28,10400.0,1981,5,28,3
1981-05-29,10411.0,1981,5,29,4
1981-05-30,8852.0,1981,5,30,5
1981-05-31,8598.0,1981,5,31,6
1981-06-01,10077.0,1981,6,1,0
1981-06-02,10355.0,1981,6,2,1
1981-06-03,10195.0,1981,6,3,2
1981-06-04,10208.0,1981,6,4,3
1981-06-05,10366.0,1981,6,5,4
1981-06-06,8965.0,1981,6,6,5
1981-06-07,8638.0,1981,6,7,6
1981-06-08,10206.0,1981,6,8,0
1981-06-09,10569.0,1981,6,9,1
1981-06-10,10379.0,1981,6,10,2
1981-06-11,10131.0,1981,6,11,3
1981-06-12,10162.0,1981,6,12,4
1981-06-13,8853.0,1981,6,13,5
1981-06-14,8484.0,1981,6,14,6
1981-06-15,10182.0,1981,6,15,0
1981-06-16,10749.0,1981,6,16,1
1981-06-17,10414.0,1981,6,17,2
1981-06-18,10072.0,1981,6,18,3
1981-06-19,10522.0,1981,6,19,4
1981-06-20,9012.0,1981,6,20,5
1981-06-21,8713.0,1981,6,21,6
1981-06-22,10597.0,1981,6,22,0
1981-06-23,10540.0,1981,6,23,1
1981-06-24,10325.0,1981,6,24,2
1981-06-25,10377.0,1981,6,25,3
1981-06-26,10524.0,1981,6,26,4
1981-06-27,8649.0,1981,6,27,5
1981-06-28,8599.0,1981,6,28,6
1981-06-29,10502.0,1981,6,29,0
1981-06-30,11057.0,1981,6,30,1
1981-07-01,10679.0,1981,7,1,2
1981-07-02,10657.0,1981,7,2,3
1981-07-03,9717.0,1981,7,3,4
1981-07-04,8935.0,1981,7,4,5
1981-07-05,8875.0,1981,7,5,6
1981-07-06,10602.0,1981,7,6,0
1981-07-07,11498.0,1981,7,7,1
1981-07-08,11205.0,1981,7,8,2
1981-07-09,11146.0,1981,7,9,3
1981-07-10,11364.0,1981,7,10,4
1981-07-11,9452.0,1981,7,11,5
1981-07-12,8997.0,1981,7,12,6
1981-07-13,10618.0,1981,7,13,0
1981-07-14,11577.0,1981,7,14,1
1981-07-15,11108.0,1981,7,15,2
1981-07-16,10942.0,1981,7,16,3
1981-07-17,11126.0,1981,7,17,4
1981-07-18,9333.0,1981,7,18,5
1981-07-19,8993.0,1981,7,19,6
1981-07-20,11111.0,1981,7,20,0
1981-07-21,11313.0,1981,7,21,1
1981-07-22,11064.0,1981,7,22,2
1981-07-23,10965.0,1981,7,23,3
1981-07-24,11010.0,1981,7,24,4
1981-07-25,9430.0,1981,7,25,5
1981-07-26,9254.0,1981,7,26,6
1981-07-27,10893.0,1981,7,27,0
1981-07-28,11479.0,1981,7,28,1
1981-07-29,11211.0,1981,7,29,2
1981-07-30,11000.0,1981,7,30,3
1981-07-31,11211.0,1981,7,31,4
1981-08-01,9733.0,1981,8,1,5
1981-08-02,9276.0,1981,8,2,6
1981-08-03,11152.0,1981,8,3,0
1981-08-04,11697.0,1981,8,4,1
1981-08-05,11438.0,1981,8,5,2
1981-08-06,11153.0,1981,8,6,3
1981-08-07,11256.0,1981,8,7,4
1981-08-08,9803.0,1981,8,8,5
1981-08-09,9360.0,1981,8,9,6
1981-08-10,11052.0,1981,8,10,0
1981-08-11,11242.0,1981,8,11,1
1981-08-12,11357.0,1981,8,12,2
1981-08-13,11088.0,1981,8,13,3
1981-08-14,11433.0,1981,8,14,4
1981-08-15,9628.0,1981,8,15,5
1981-08-16,9282.0,1981,8,16,6
1981-08-17,11048.0,1981,8,17,0
1981-08-18,11407.0,1981,8,18,1
1981-08-19,11059.0,1981,8,19,2
1981-08-20,10956.0,1981,8,20,3
1981-08-21,11091.0,1981,8,21,4
1981-08-22,9740.0,1981,8,22,5
1981-08-23,9225.0,1981,8,23,6
1981-08-24,11147.0,1981,8,24,0
1981-08-25,11407.0,1981,8,25,1
1981-08-26,11198.0,1981,8,26,2
1981-08-27,11059.0,1981,8,27,3
1981-08-28,11260.0,1981,8,28,4
1981-08-29,9667.0,1981,8,29,5
1981-08-30,9261.0,1981,8,30,6
1981-08-31,11050.0,1981,8,31,0
1981-09-01,11156.0,1981,9,1,1
1981-09-02,10922.0,1981,9,2,2
1981-09-03,10894.0,1981,9,3,3
1981-09-04,11180.0,1981,9,4,4
1981-09-05,9354.0,1981,9,5,5
1981-09-06,9095.0,1981,9,6,6
1981-09-07,9213.0,1981,9,7,0
1981-09-08,11071.0,1981,9,8,1
1981-09-09,11356.0,1981,9,9,2
1981-09-10,11245.0,1981,9,10,3
1981-09-11,11471.0,1981,9,11,4
1981-09-12,9561.0,1981,9,12,5
1981-09-13,9396.0,1981,9,13,6
1981-09-14,11377.0,1981,9,14,0
1981-09-15,11422.0,1981,9,15,1
1981-09-16,11365.0,1981,9,16,2
1981-09-17,11071.0,1981,9,17,3
1981-09-18,11148.0,1981,9,18,4
1981-09-19,9609.0,1981,9,19,5
1981-09-20,9532.0,1981,9,20,6
1981-09-21,11262.0,1981,9,21,0
1981-09-22,11488.0,1981,9,22,1
1981-09-23,11281.0,1981,9,23,2
1981-09-24,11201.0,1981,9,24,3
1981-09-25,11460.0,1981,9,25,4
1981-09-26,9703.0,1981,9,26,5
1981-09-27,9337.0,1981,9,27,6
1981-09-28,11341.0,1981,9,28,0
1981-09-29,11074.0,1981,9,29,1
1981-09-30,10992.0,1981,9,30,2
1981-10-01,10881.0,1981,10,1,3
1981-10-02,11018.0,1981,10,2,4
1981-10-03,9318.0,1981,10,3,5
1981-10-04,8905.0,1981,10,4,6
1981-10-05,10874.0,1981,10,5,0
1981-10-06,10899.0,1981,10,6,1
1981-10-07,10483.0,1981,10,7,2
1981-10-08,10405.0,1981,10,8,3
1981-10-09,10905.0,1981,10,9,4
1981-10-10,9313.0,1981,10,10,5
1981-10-11,8756.0,1981,10,11,6
1981-10-12,10372.0,1981,10,12,0
1981-10-13,10616.0,1981,10,13,1
1981-10-14,10214.0,1981,10,14,2
1981-10-15,10456.0,1981,10,15,3
1981-10-16,10716.0,1981,10,16,4
1981-10-17,8537.0,1981,10,17,5
1981-10-18,8540.0,1981,10,18,6
1981-10-19,10023.0,1981,10,19,0
1981-10-20,10277.0,1981,10,20,1
1981-10-21,10460.0,1981,10,21,2
1981-10-22,10267.0,1981,10,22,3
1981-10-23,10316.0,1981,10,23,4
1981-10-24,8687.0,1981,10,24,5
1981-10-25,8733.0,1981,10,25,6
1981-10-26,10044.0,1981,10,26,0
1981-10-27,10452.0,1981,10,27,1
1981-10-28,10153.0,1981,10,28,2
1981-10-29,10111.0,1981,10,29,3
1981-10-30,10302.0,1981,10,30,4
1981-10-31,8643.0,1981,10,31,5
1981-11-01,8358.0,1981,11,1,6
1981-11-02,10303.0,1981,11,2,0
1981-11-03,10397.0,1981,11,3,1
1981-11-04,10350.0,1981,11,4,2
1981-11-05,10315.0,1981,11,5,3
1981-11-06,10678.0,1981,11,6,4
1981-11-07,8797.0,1981,11,7,5
1981-11-08,8471.0,1981,11,8,6
1981-11-09,10155.0,1981,11,9,0
1981-11-10,10356.0,1981,11,10,1
1981-11-11,10050.0,1981,11,11,2
1981-11-12,10256.0,1981,11,12,3
1981-11-13,9919.0,1981,11,13,4
1981-11-14,8796.0,1981,11,14,5
1981-11-15,8499.0,1981,11,15,6
1981-11-16,10453.0,1981,11,16,0
1981-11-17,10765.0,1981,11,17,1
1981-11-18,10144.0,1981,11,18,2
1981-11-19,10224.0,1981,11,19,3
1981-11-20,10574.0,1981,11,20,4
1981-11-21,8746.0,1981,11,21,5
1981-11-22,8427.0,1981,11,22,6
1981-11-23,10335.0,1981,11,23,0
1981-11-24,10528.0,1981,11,24,1
1981-11-25,10452.0,1981,11,25,2
1981-11-26,8154.0,1981,11,26,3
1981-11-27,9650.0,1981,11,27,4
1981-11-28,8487.0,1981,11,28,5
1981-11-29,8528.0,1981,11,29,6
1981-11-30,10217.0,1981,11,30,0
1981-12-01,10880.0,1981,12,1,1
1981-12-02,10456.0,1981,12,2,2
1981-12-03,10113.0,1981,12,3,3
1981-12-04,9920.0,1981,12,4,4
1981-12-05,8560.0,1981,12,5,5
1981-12-06,8316.0,1981,12,6,6
1981-12-07,10090.0,1981,12,7,0
1981-12-08,10621.0,1981,12,8,1
1981-12-09,10112.0,1981,12,9,2
1981-12-10,9935.0,1981,12,10,3
1981-12-11,10164.0,1981,12,11,4
1981-12-12,8635.0,1981,12,12,5
1981-12-13,8284.0,1981,12,13,6
1981-12-14,10365.0,1981,12,14,0
1981-12-15,10799.0,1981,12,15,1
1981-12-16,10333.0,1981,12,16,2
1981-12-17,10672.0,1981,12,17,3
1981-12-18,10853.0,1981,12,18,4
1981-12-19,8664.0,1981,12,19,5
1981-12-20,8173.0,1981,12,20,6
1981-12-21,10562.0,1981,12,21,0
1981-12-22,10567.0,1981,12,22,1
1981-12-23,9841.0,1981,12,23,2
1981-12-24,8741.0,1981,12,24,3
1981-12-25,8023.0,1981,12,25,4
1981-12-26,8352.0,1981,12,26,5
1981-12-27,8653.0,1981,12,27,6
1981-12-28,11045.0,1981,12,28,0
1981-12-29,11279.0,1981,12,29,1
1981-12-30,11036.0,1981,12,30,2
1981-12-31,10394.0,1981,12,31,3
1982-01-01,8560.0,1982,1,1,4
1982-01-02,8308.0,1982,1,2,5
1982-01-03,8606.0,1982,1,3,6
1982-01-04,9958.0,1982,1,4,0
1982-01-05,10253.0,1982,1,5,1
1982-01-06,10182.0,1982,1,6,2
1982-01-07,9949.0,1982,1,7,3
1982-01-08,10087.0,1982,1,8,4
1982-01-09,8484.0,1982,1,9,5
1982-01-10,8387.0,1982,1,10,6
1982-01-11,10226.0,1982,1,11,0
1982-01-12,10452.0,1982,1,12,1
1982-01-13,10182.0,1982,1,13,2
1982-01-14,10100.0,1982,1,14,3
1982-01-15,9969.0,1982,1,15,4
1982-01-16,8705.0,1982,1,16,5
1982-01-17,8522.0,1982,1,17,6
1982-01-18,10253.0,1982,1,18,0
1982-01-19,10708.0,1982,1,19,1
1982-01-20,10334.0,1982,1,20,2
1982-01-21,10176.0,1982,1,21,3
1982-01-22,10425.0,1982,1,22,4
1982-01-23,8706.0,1982,1,23,5
1982-01-24,8532.0,1982,1,24,6
1982-01-25,10232.0,1982,1,25,0
1982-01-26,10457.0,1982,1,26,1
1982-01-27,10156.0,1982,1,27,2
1982-01-28,10113.0,1982,1,28,3
1982-01-29,10207.0,1982,1,29,4
1982-01-30,8726.0,1982,1,30,5
1982-01-31,8380.0,1982,1,31,6
1982-02-01,10222.0,1982,2,1,0
1982-02-02,10426.0,1982,2,2,1
1982-02-03,10169.0,1982,2,3,2
1982-02-04,10070.0,1982,2,4,3
1982-02-05,10242.0,1982,2,5,4
1982-02-06,8804.0,1982,2,6,5
1982-02-07,8514.0,1982,2,7,6
1982-02-08,10362.0,1982,2,8,0
1982-02-09,10551.0,1982,2,9,1
1982-02-10,10424.0,1982,2,10,2
1982-02-11,10402.0,1982,2,11,3
1982-02-12,10474.0,1982,2,12,4
1982-02-13,8963.0,1982,2,13,5
1982-02-14,8680.0,1982,2,14,6
1982-02-15,10206.0,1982,2,15,0
1982-02-16,10737.0,1982,2,16,1
1982-02-17,10532.0,1982,2,17,2
1982-02-18,10366.0,1982,2,18,3
1982-02-19,10375.0,1982,2,19,4
1982-02-20,8923.0,1982,2,20,5
1982-02-21,8709.0,1982,2,21,6
1982-02-22,10577.0,1982,2,22,0
1982-02-23,10474.0,1982,2,23,1
1982-02-24,10462.0,1982,2,24,2
1982-02-25,10367.0,1982,2,25,3
1982-02-26,10047.0,1982,2,26,4
1982-02-27,8852.0,1982,2,27,5
1982-02-28,8384.0,1982,2,28,6
1982-03-01,10257.0,1982,3,1,0
1982-03-02,10679.0,1982,3,2,1
1982-03-03,10506.0,1982,3,3,2
1982-03-04,10205.0,1982,3,4,3
1982-03-05,10476.0,1982,3,5,4
1982-03-06,8768.0,1982,3,6,5
1982-03-07,8399.0,1982,3,7,6
1982-03-08,10293.0,1982,3,8,0
1982-03-09,10417.0,1982,3,9,1
1982-03-10,10424.0,1982,3,10,2
1982-03-11,10233.0,1982,3,11,3
1982-03-12,10369.0,1982,3,12,4
1982-03-13,8966.0,1982,3,13,5
1982-03-14,8402.0,1982,3,14,6
1982-03-15,10098.0,1982,3,15,0
1982-03-16,10547.0,1982,3,16,1
1982-03-17,10583.0,1982,3,17,2
1982-03-18,10447.0,1982,3,18,3
1982-03-19,10259.0,1982,3,19,4
1982-03-20,8705.0,1982,3,20,5
1982-03-21,8313.0,1982,3,21,6
1982-03-22,10056.0,1982,3,22,0
1982-03-23,10338.0,1982,3,23,1
1982-03-24,10210.0,1982,3,24,2
1982-03-25,10238.0,1982,3,25,3
1982-03-26,10280.0,1982,3,26,4
1982-03-27,8568.0,1982,3,27,5
1982-03-28,8214.0,1982,3,28,6
1982-03-29,10216.0,1982,3,29,0
1982-03-30,10481.0,1982,3,30,1
1982-03-31,10271.0,1982,3,31,2
1982-04-01,10118.0,1982,4,1,3
1982-04-02,10528.0,1982,4,2,4
1982-04-03,8955.0,1982,4,3,5
1982-04-04,8432.0,1982,4,4,6
1982-04-05,10128.0,1982,4,5,0
1982-04-06,10620.0,1982,4,6,1
1982-04-07,9974.0,1982,4,7,2
1982-04-08,10158.0,1982,4,8,3
1982-04-09,10099.0,1982,4,9,4
1982-04-10,8385.0,1982,4,10,5
1982-04-11,7914.0,1982,4,11,6
1982-04-12,9991.0,1982,4,12,0
1982-04-13,10350.0,1982,4,13,1
1982-04-14,10233.0,1982,4,14,2
1982-04-15,10295.0,1982,4,15,3
1982-04-16,10275.0,1982,4,16,4
1982-04-17,8852.0,1982,4,17,5
1982-04-18,8195.0,1982,4,18,6
1982-04-19,10172.0,1982,4,19,0
1982-04-20,10603.0,1982,4,20,1
1982-04-21,10030.0,1982,4,21,2
1982-04-22,9958.0,1982,4,22,3
1982-04-23,10011.0,1982,4,23,4
1982-04-24,8494.0,1982,4,24,5
1982-04-25,7855.0,1982,4,25,6
1982-04-26,10369.0,1982,4,26,0
1982-04-27,10270.0,1982,4,27,1
1982-04-28,10262.0,1982,4,28,2
1982-04-29,9911.0,1982,4,29,3
1982-04-30,10396.0,1982,4,30,4
1982-05-01,8720.0,1982,5,1,5
1982-05-02,8407.0,1982,5,2,6
1982-05-03,10442.0,1982,5,3,0
1982-05-04,10632.0,1982,5,4,1
1982-05-05,10409.0,1982,5,5,2
1982-05-06,10372.0,1982,5,6,3
1982-05-07,10494.0,1982,5,7,4
1982-05-08,8755.0,1982,5,8,5
1982-05-09,8592.0,1982,5,9,6
1982-05-10,10616.0,1982,5,10,0
1982-05-11,10703.0,1982,5,11,1
1982-05-12,10428.0,1982,5,12,2
1982-05-13,10131.0,1982,5,13,3
1982-05-14,10497.0,1982,5,14,4
1982-05-15,8867.0,1982,5,15,5
1982-05-16,8419.0,1982,5,16,6
1982-05-17,10571.0,1982,5,17,0
1982-05-18,10800.0,1982,5,18,1
1982-05-19,10517.0,1982,5,19,2
1982-05-20,10400.0,1982,5,20,3
1982-05-21,10545.0,1982,5,21,4
1982-05-22,8605.0,1982,5,22,5
1982-05-23,8460.0,1982,5,23,6
1982-05-24,10406.0,1982,5,24,0
1982-05-25,10932.0,1982,5,25,1
1982-05-26,10854.0,1982,5,26,2
1982-05-27,10708.0,1982,5,27,3
1982-05-28,10683.0,1982,5,28,4
1982-05-29,8965.0,1982,5,29,5
1982-05-30,8719.0,1982,5,30,6
1982-05-31,8997.0,1982,5,31,0
1982-06-01,10498.0,1982,6,1,1
1982-06-02,10712.0,1982,6,2,2
1982-06-03,10635.0,1982,6,3,3
1982-06-04,10591.0,1982,6,4,4
1982-06-05,8920.0,1982,6,5,5
1982-06-06,8765.0,1982,6,6,6
1982-06-07,10383.0,1982,6,7,0
1982-06-08,10636.0,1982,6,8,1
1982-06-09,10353.0,1982,6,9,2
1982-06-10,10703.0,1982,6,10,3
1982-06-11,10629.0,1982,6,11,4
1982-06-12,9125.0,1982,6,12,5
1982-06-13,8508.0,1982,6,13,6
1982-06-14,10482.0,1982,6,14,0
1982-06-15,10943.0,1982,6,15,1
1982-06-16,10953.0,1982,6,16,2
1982-06-17,10731.0,1982,6,17,3
1982-06-18,10880.0,1982,6,18,4
1982-06-19,8948.0,1982,6,19,5
1982-06-20,8798.0,1982,6,20,6
1982-06-21,10786.0,1982,6,21,0
1982-06-22,11050.0,1982,6,22,1
1982-06-23,10758.0,1982,6,23,2
1982-06-24,10839.0,1982,6,24,3
1982-06-25,11016.0,1982,6,25,4
1982-06-26,9216.0,1982,6,26,5
1982-06-27,8982.0,1982,6,27,6
1982-06-28,10978.0,1982,6,28,0
1982-06-29,11456.0,1982,6,29,1
1982-06-30,10962.0,1982,6,30,2
1982-07-01,10924.0,1982,7,1,3
1982-07-02,10893.0,1982,7,2,4
1982-07-03,9293.0,1982,7,3,5
1982-07-04,9036.0,1982,7,4,6
1982-07-05,8978.0,1982,7,5,0
1982-07-06,11171.0,1982,7,6,1
1982-07-07,11742.0,1982,7,7,2
1982-07-08,11654.0,1982,7,8,3
1982-07-09,11312.0,1982,7,9,4
1982-07-10,9591.0,1982,7,10,5
1982-07-11,9165.0,1982,7,11,6
1982-07-12,10996.0,1982,7,12,0
1982-07-13,11136.0,1982,7,13,1
1982-07-14,11095.0,1982,7,14,2
1982-07-15,11218.0,1982,7,15,3
1982-07-16,11339.0,1982,7,16,4
1982-07-17,9616.0,1982,7,17,5
1982-07-18,9374.0,1982,7,18,6
1982-07-19,11039.0,1982,7,19,0
1982-07-20,11551.0,1982,7,20,1
1982-07-21,11242.0,1982,7,21,2
1982-07-22,11004.0,1982,7,22,3
1982-07-23,11347.0,1982,7,23,4
1982-07-24,9608.0,1982,7,24,5
1982-07-25,9096.0,1982,7,25,6
1982-07-26,11041.0,1982,7,26,0
1982-07-27,11474.0,1982,7,27,1
1982-07-28,11235.0,1982,7,28,2
1982-07-29,11073.0,1982,7,29,3
1982-07-30,11116.0,1982,7,30,4
1982-07-31,9589.0,1982,7,31,5
1982-08-01,9193.0,1982,8,1,6
1982-08-02,10956.0,1982,8,2,0
1982-08-03,11515.0,1982,8,3,1
1982-08-04,11253.0,1982,8,4,2
1982-08-05,11196.0,1982,8,5,3
1982-08-06,11014.0,1982,8,6,4
1982-08-07,9349.0,1982,8,7,5
1982-08-08,9198.0,1982,8,8,6
1982-08-09,10903.0,1982,8,9,0
1982-08-10,11383.0,1982,8,10,1
1982-08-11,11104.0,1982,8,11,2
1982-08-12,11195.0,1982,8,12,3
1982-08-13,10678.0,1982,8,13,4
1982-08-14,9444.0,1982,8,14,5
1982-08-15,9215.0,1982,8,15,6
1982-08-16,11201.0,1982,8,16,0
1982-08-17,11489.0,1982,8,17,1
1982-08-18,11266.0,1982,8,18,2
1982-08-19,11154.0,1982,8,19,3
1982-08-20,11385.0,1982,8,20,4
1982-08-21,9602.0,1982,8,21,5
1982-08-22,9098.0,1982,8,22,6
1982-08-23,10944.0,1982,8,23,0
1982-08-24,11577.0,1982,8,24,1
1982-08-25,11153.0,1982,8,25,2
1982-08-26,11026.0,1982,8,26,3
1982-08-27,11266.0,1982,8,27,4
1982-08-28,9484.0,1982,8,28,5
1982-08-29,8900.0,1982,8,29,6
1982-08-30,10963.0,1982,8,30,0
1982-08-31,11505.0,1982,8,31,1
1982-09-01,11118.0,1982,9,1,2
1982-09-02,11081.0,1982,9,2,3
1982-09-03,11475.0,1982,9,3,4
1982-09-04,9579.0,1982,9,4,5
1982-09-05,9158.0,1982,9,5,6
1982-09-06,9262.0,1982,9,6,0
1982-09-07,11342.0,1982,9,7,1
1982-09-08,11455.0,1982,9,8,2
1982-09-09,11395.0,1982,9,9,3
1982-09-10,11917.0,1982,9,10,4
1982-09-11,9695.0,1982,9,11,5
1982-09-12,9660.0,1982,9,12,6
1982-09-13,11343.0,1982,9,13,0
1982-09-14,11725.0,1982,9,14,1
1982-09-15,11359.0,1982,9,15,2
1982-09-16,11578.0,1982,9,16,3
1982-09-17,11736.0,1982,9,17,4
1982-09-18,9577.0,1982,9,18,5
1982-09-19,9552.0,1982,9,19,6
1982-09-20,11596.0,1982,9,20,0
1982-09-21,11791.0,1982,9,21,1
1982-09-22,11530.0,1982,9,22,2
1982-09-23,11551.0,1982,9,23,3
1982-09-24,11480.0,1982,9,24,4
1982-09-25,9792.0,1982,9,25,5
1982-09-26,9425.0,1982,9,26,6
1982-09-27,11538.0,1982,9,27,0
1982-09-28,11674.0,1982,9,28,1
1982-09-29,11402.0,1982,9,29,2
1982-09-30,11269.0,1982,9,30,3
1982-10-01,11297.0,1982,10,1,4
1982-10-02,9603.0,1982,10,2,5
1982-10-03,9188.0,1982,10,3,6
1982-10-04,11176.0,1982,10,4,0
1982-10-05,11205.0,1982,10,5,1
1982-10-06,11143.0,1982,10,6,2
1982-10-07,10945.0,1982,10,7,3
1982-10-08,11065.0,1982,10,8,4
1982-10-09,9196.0,1982,10,9,5
1982-10-10,8879.0,1982,10,10,6
1982-10-11,10327.0,1982,10,11,0
1982-10-12,10989.0,1982,10,12,1
1982-10-13,10316.0,1982,10,13,2
1982-10-14,10722.0,1982,10,14,3
1982-10-15,10510.0,1982,10,15,4
1982-10-16,8894.0,1982,10,16,5
1982-10-17,8582.0,1982,10,17,6
1982-10-18,10417.0,1982,10,18,0
1982-10-19,10945.0,1982,10,19,1
1982-10-20,10440.0,1982,10,20,2
1982-10-21,10444.0,1982,10,21,3
1982-10-22,10432.0,1982,10,22,4
1982-10-23,8980.0,1982,10,23,5
1982-10-24,8655.0,1982,10,24,6
1982-10-25,10341.0,1982,10,25,0
1982-10-26,10681.0,1982,10,26,1
1982-10-27,10372.0,1982,10,27,2
1982-10-28,10503.0,1982,10,28,3
1982-10-29,10514.0,1982,10,29,4
1982-10-30,8723.0,1982,10,30,5
1982-10-31,8876.0,1982,10,31,6
1982-11-01,10350.0,1982,11,1,0
1982-11-02,10667.0,1982,11,2,1
1982-11-03,10265.0,1982,11,3,2
1982-11-04,10449.0,1982,11,4,3
1982-11-05,10441.0,1982,11,5,4
1982-11-06,8758.0,1982,11,6,5
1982-11-07,8657.0,1982,11,7,6
1982-11-08,10429.0,1982,11,8,0
1982-11-09,10737.0,1982,11,9,1
1982-11-10,10578.0,1982,11,10,2
1982-11-11,10418.0,1982,11,11,3
1982-11-12,10490.0,1982,11,12,4
1982-11-13,8826.0,1982,11,13,5
1982-11-14,8108.0,1982,11,14,6
1982-11-15,10414.0,1982,11,15,0
1982-11-16,10442.0,1982,11,16,1
1982-11-17,10361.0,1982,11,17,2
1982-11-18,10394.0,1982,11,18,3
1982-11-19,10621.0,1982,11,19,4
1982-11-20,8900.0,1982,11,20,5
1982-11-21,8434.0,1982,11,21,6
1982-11-22,10481.0,1982,11,22,0
1982-11-23,10810.0,1982,11,23,1
1982-11-24,10307.0,1982,11,24,2
1982-11-25,8045.0,1982,11,25,3
1982-11-26,9239.0,1982,11,26,4
1982-11-27,8558.0,1982,11,27,5
1982-11-28,8528.0,1982,11,28,6
1982-11-29,10540.0,1982,11,29,0
1982-11-30,11074.0,1982,11,30,1
1982-12-01,10432.0,1982,12,1,2
1982-12-02,10056.0,1982,12,2,3
1982-12-03,10139.0,1982,12,3,4
1982-12-04,8595.0,1982,12,4,5
1982-12-05,8444.0,1982,12,5,6
1982-12-06,10066.0,1982,12,6,0
1982-12-07,10227.0,1982,12,7,1
1982-12-08,10113.0,1982,12,8,2
1982-12-09,9920.0,1982,12,9,3
1982-12-10,10016.0,1982,12,10,4
1982-12-11,8605.0,1982,12,11,5
1982-12-12,8275.0,1982,12,12,6
1982-12-13,10015.0,1982,12,13,0
1982-12-14,10700.0,1982,12,14,1
1982-12-15,10388.0,1982,12,15,2
1982-12-16,10632.0,1982,12,16,3
1982-12-17,10619.0,1982,12,17,4
1982-12-18,8502.0,1982,12,18,5
1982-12-19,8394.0,1982,12,19,6
1982-12-20,10681.0,1982,12,20,0
1982-12-21,10661.0,1982,12,21,1
1982-12-22,9901.0,1982,12,22,2
1982-12-23,9250.0,1982,12,23,3
1982-12-24,8186.0,1982,12,24,4
1982-12-25,7825.0,1982,12,25,5
1982-12-26,7953.0,1982,12,26,6
1982-12-27,10227.0,1982,12,27,0
1982-12-28,10673.0,1982,12,28,1
1982-12-29,10841.0,1982,12,29,2
1982-12-30,10886.0,1982,12,30,3
1982-12-31,9277.0,1982,12,31,4
1983-01-01,8174.0,1983,1,1,5
1983-01-02,8085.0,1983,1,2,6
1983-01-03,9523.0,1983,1,3,0
1983-01-04,10094.0,1983,1,4,1
1983-01-05,9966.0,1983,1,5,2
1983-01-06,9990.0,1983,1,6,3
1983-01-07,9947.0,1983,1,7,4
1983-01-08,8525.0,1983,1,8,5
1983-01-09,8287.0,1983,1,9,6
1983-01-10,9930.0,1983,1,10,0
1983-01-11,10337.0,1983,1,11,1
1983-01-12,10273.0,1983,1,12,2
1983-01-13,10190.0,1983,1,13,3
1983-01-14,10244.0,1983,1,14,4
1983-01-15,8784.0,1983,1,15,5
1983-01-16,8382.0,1983,1,16,6
1983-01-17,10131.0,1983,1,17,0
1983-01-18,10482.0,1983,1,18,1
1983-01-19,9950.0,1983,1,19,2
1983-01-20,10154.0,1983,1,20,3
1983-01-21,10306.0,1983,1,21,4
1983-01-22,8798.0,1983,1,22,5
1983-01-23,8600.0,1983,1,23,6
1983-01-24,10091.0,1983,1,24,0
1983-01-25,10368.0,1983,1,25,1
1983-01-26,10272.0,1983,1,26,2
1983-01-27,10302.0,1983,1,27,3
1983-01-28,10210.0,1983,1,28,4
1983-01-29,8757.0,1983,1,29,5
1983-01-30,8711.0,1983,1,30,6
1983-01-31,10148.0,1983,1,31,0
1983-02-01,10579.0,1983,2,1,1
1983-02-02,10160.0,1983,2,2,2
1983-02-03,10396.0,1983,2,3,3
1983-02-04,10196.0,1983,2,4,4
1983-02-05,8479.0,1983,2,5,5
1983-02-06,8495.0,1983,2,6,6
1983-02-07,10232.0,1983,2,7,0
1983-02-08,10603.0,1983,2,8,1
1983-02-09,10127.0,1983,2,9,2
1983-02-10,10261.0,1983,2,10,3
1983-02-11,10501.0,1983,2,11,4
1983-02-12,8829.0,1983,2,12,5
1983-02-13,8558.0,1983,2,13,6
1983-02-14,10598.0,1983,2,14,0
1983-02-15,10572.0,1983,2,15,1
1983-02-16,10519.0,1983,2,16,2
1983-02-17,10509.0,1983,2,17,3
1983-02-18,10427.0,1983,2,18,4
1983-02-19,8846.0,1983,2,19,5
1983-02-20,8522.0,1983,2,20,6
1983-02-21,10020.0,1983,2,21,0
1983-02-22,10471.0,1983,2,22,1
1983-02-23,10676.0,1983,2,23,2
1983-02-24,10610.0,1983,2,24,3
1983-02-25,10498.0,1983,2,25,4
1983-02-26,8869.0,1983,2,26,5
1983-02-27,8460.0,1983,2,27,6
1983-02-28,10254.0,1983,2,28,0
1983-03-01,10669.0,1983,3,1,1
1983-03-02,10674.0,1983,3,2,2
1983-03-03,10562.0,1983,3,3,3
1983-03-04,10645.0,1983,3,4,4
1983-03-05,9035.0,1983,3,5,5
1983-03-06,8570.0,1983,3,6,6
1983-03-07,10353.0,1983,3,7,0
1983-03-08,10702.0,1983,3,8,1
1983-03-09,10322.0,1983,3,9,2
1983-03-10,10348.0,1983,3,10,3
1983-03-11,10351.0,1983,3,11,4
1983-03-12,8754.0,1983,3,12,5
1983-03-13,8432.0,1983,3,13,6
1983-03-14,10434.0,1983,3,14,0
1983-03-15,10839.0,1983,3,15,1
1983-03-16,10251.0,1983,3,16,2
1983-03-17,10524.0,1983,3,17,3
1983-03-18,10827.0,1983,3,18,4
1983-03-19,8776.0,1983,3,19,5
1983-03-20,8524.0,1983,3,20,6
1983-03-21,10433.0,1983,3,21,0
1983-03-22,10692.0,1983,3,22,1
1983-03-23,10230.0,1983,3,23,2
1983-03-24,10215.0,1983,3,24,3
1983-03-25,10512.0,1983,3,25,4
1983-03-26,8736.0,1983,3,26,5
1983-03-27,8475.0,1983,3,27,6
1983-03-28,10251.0,1983,3,28,0
1983-03-29,10811.0,1983,3,29,1
1983-03-30,10649.0,1983,3,30,2
1983-03-31,10613.0,1983,3,31,3
1983-04-01,9982.0,1983,4,1,4
1983-04-02,8772.0,1983,4,2,5
1983-04-03,8354.0,1983,4,3,6
1983-04-04,10207.0,1983,4,4,0
1983-04-05,10759.0,1983,4,5,1
1983-04-06,10448.0,1983,4,6,2
1983-04-07,10659.0,1983,4,7,3
1983-04-08,10558.0,1983,4,8,4
1983-04-09,8785.0,1983,4,9,5
1983-04-10,8485.0,1983,4,10,6
1983-04-11,10298.0,1983,4,11,0
1983-04-12,10574.0,1983,4,12,1
1983-04-13,10112.0,1983,4,13,2
1983-04-14,10196.0,1983,4,14,3
1983-04-15,10339.0,1983,4,15,4
1983-04-16,8623.0,1983,4,16,5
1983-04-17,8364.0,1983,4,17,6
1983-04-18,10217.0,1983,4,18,0
1983-04-19,10409.0,1983,4,19,1
1983-04-20,10371.0,1983,4,20,2
1983-04-21,10201.0,1983,4,21,3
1983-04-22,10268.0,1983,4,22,4
1983-04-23,8704.0,1983,4,23,5
1983-04-24,7950.0,1983,4,24,6
1983-04-25,10371.0,1983,4,25,0
1983-04-26,10592.0,1983,4,26,1
1983-04-27,10412.0,1983,4,27,2
1983-04-28,10435.0,1983,4,28,3
1983-04-29,10279.0,1983,4,29,4
1983-04-30,8479.0,1983,4,30,5
1983-05-01,8170.0,1983,5,1,6
1983-05-02,10114.0,1983,5,2,0
1983-05-03,10637.0,1983,5,3,1
1983-05-04,10216.0,1983,5,4,2
1983-05-05,10505.0,1983,5,5,3
1983-05-06,10277.0,1983,5,6,4
1983-05-07,8649.0,1983,5,7,5
1983-05-08,8412.0,1983,5,8,6
1983-05-09,9982.0,1983,5,9,0
1983-05-10,10328.0,1983,5,10,1
1983-05-11,10174.0,1983,5,11,2
1983-05-12,10306.0,1983,5,12,3
1983-05-13,10090.0,1983,5,13,4
1983-05-14,8741.0,1983,5,14,5
1983-05-15,8464.0,1983,5,15,6
1983-05-16,10424.0,1983,5,16,0
1983-05-17,10401.0,1983,5,17,1
1983-05-18,10196.0,1983,5,18,2
1983-05-19,10506.0,1983,5,19,3
1983-05-20,10513.0,1983,5,20,4
1983-05-21,8950.0,1983,5,21,5
1983-05-22,8368.0,1983,5,22,6
1983-05-23,10419.0,1983,5,23,0
1983-05-24,10971.0,1983,5,24,1
1983-05-25,10574.0,1983,5,25,2
1983-05-26,10358.0,1983,5,26,3
1983-05-27,10476.0,1983,5,27,4
1983-05-28,8757.0,1983,5,28,5
1983-05-29,8547.0,1983,5,29,6
1983-05-30,8687.0,1983,5,30,0
1983-05-31,10320.0,1983,5,31,1
1983-06-01,10800.0,1983,6,1,2
1983-06-02,10516.0,1983,6,2,3
1983-06-03,10664.0,1983,6,3,4
1983-06-04,9012.0,1983,6,4,5
1983-06-05,8574.0,1983,6,5,6
1983-06-06,10371.0,1983,6,6,0
1983-06-07,10633.0,1983,6,7,1
1983-06-08,10375.0,1983,6,8,2
1983-06-09,10499.0,1983,6,9,3
1983-06-10,10652.0,1983,6,10,4
1983-06-11,8957.0,1983,6,11,5
1983-06-12,8547.0,1983,6,12,6
1983-06-13,10464.0,1983,6,13,0
1983-06-14,10986.0,1983,6,14,1
1983-06-15,10422.0,1983,6,15,2
1983-06-16,10527.0,1983,6,16,3
1983-06-17,10785.0,1983,6,17,4
1983-06-18,8709.0,1983,6,18,5
1983-06-19,8589.0,1983,6,19,6
1983-06-20,10498.0,1983,6,20,0
1983-06-21,10751.0,1983,6,21,1
1983-06-22,10418.0,1983,6,22,2
1983-06-23,10790.0,1983,6,23,3
1983-06-24,10688.0,1983,6,24,4
1983-06-25,9068.0,1983,6,25,5
1983-06-26,8661.0,1983,6,26,6
1983-06-27,10634.0,1983,6,27,0
1983-06-28,11088.0,1983,6,28,1
1983-06-29,10784.0,1983,6,29,2
1983-06-30,10760.0,1983,6,30,3
1983-07-01,10913.0,1983,7,1,4
1983-07-02,9075.0,1983,7,2,5
1983-07-03,8648.0,1983,7,3,6
1983-07-04,8943.0,1983,7,4,0
1983-07-05,10491.0,1983,7,5,1
1983-07-06,11119.0,1983,7,6,2
1983-07-07,11130.0,1983,7,7,3
1983-07-08,10871.0,1983,7,8,4
1983-07-09,9055.0,1983,7,9,5
1983-07-10,8838.0,1983,7,10,6
1983-07-11,10664.0,1983,7,11,0
1983-07-12,11254.0,1983,7,12,1
1983-07-13,11037.0,1983,7,13,2
1983-07-14,11036.0,1983,7,14,3
1983-07-15,11166.0,1983,7,15,4
1983-07-16,9220.0,1983,7,16,5
1983-07-17,8940.0,1983,7,17,6
1983-07-18,10767.0,1983,7,18,0
1983-07-19,11040.0,1983,7,19,1
1983-07-20,11099.0,1983,7,20,2
1983-07-21,11072.0,1983,7,21,3
1983-07-22,11043.0,1983,7,22,4
1983-07-23,9155.0,1983,7,23,5
1983-07-24,8993.0,1983,7,24,6
1983-07-25,10653.0,1983,7,25,0
1983-07-26,11033.0,1983,7,26,1
1983-07-27,10839.0,1983,7,27,2
1983-07-28,11037.0,1983,7,28,3
1983-07-29,11025.0,1983,7,29,4
1983-07-30,9164.0,1983,7,30,5
1983-07-31,8970.0,1983,7,31,6
1983-08-01,10610.0,1983,8,1,0
1983-08-02,11046.0,1983,8,2,1
1983-08-03,10953.0,1983,8,3,2
1983-08-04,10720.0,1983,8,4,3
1983-08-05,11016.0,1983,8,5,4
1983-08-06,9232.0,1983,8,6,5
1983-08-07,9256.0,1983,8,7,6
1983-08-08,10795.0,1983,8,8,0
1983-08-09,11139.0,1983,8,9,1
1983-08-10,11022.0,1983,8,10,2
1983-08-11,10789.0,1983,8,11,3
1983-08-12,10966.0,1983,8,12,4
1983-08-13,9158.0,1983,8,13,5
1983-08-14,8830.0,1983,8,14,6
1983-08-15,10663.0,1983,8,15,0
1983-08-16,11270.0,1983,8,16,1
1983-08-17,11012.0,1983,8,17,2
1983-08-18,11135.0,1983,8,18,3
1983-08-19,11219.0,1983,8,19,4
1983-08-20,9260.0,1983,8,20,5
1983-08-21,9142.0,1983,8,21,6
1983-08-22,10633.0,1983,8,22,0
1983-08-23,11153.0,1983,8,23,1
1983-08-24,10815.0,1983,8,24,2
1983-08-25,10724.0,1983,8,25,3
1983-08-26,10839.0,1983,8,26,4
1983-08-27,9242.0,1983,8,27,5
1983-08-28,9009.0,1983,8,28,6
1983-08-29,10812.0,1983,8,29,0
1983-08-30,11131.0,1983,8,30,1
1983-08-31,10805.0,1983,8,31,2
1983-09-01,10747.0,1983,9,1,3
1983-09-02,10907.0,1983,9,2,4
1983-09-03,9151.0,1983,9,3,5
1983-09-04,8806.0,1983,9,4,6
1983-09-05,8749.0,1983,9,5,0
1983-09-06,10995.0,1983,9,6,1
1983-09-07,11348.0,1983,9,7,2
1983-09-08,11052.0,1983,9,8,3
1983-09-09,11099.0,1983,9,9,4
1983-09-10,9536.0,1983,9,10,5
1983-09-11,9048.0,1983,9,11,6
1983-09-12,10898.0,1983,9,12,0
1983-09-13,11216.0,1983,9,13,1
1983-09-14,11183.0,1983,9,14,2
1983-09-15,10976.0,1983,9,15,3
1983-09-16,10948.0,1983,9,16,4
1983-09-17,9436.0,1983,9,17,5
1983-09-18,9327.0,1983,9,18,6
1983-09-19,11180.0,1983,9,19,0
1983-09-20,11635.0,1983,9,20,1
1983-09-21,11276.0,1983,9,21,2
1983-09-22,11065.0,1983,9,22,3
1983-09-23,11177.0,1983,9,23,4
1983-09-24,9174.0,1983,9,24,5
1983-09-25,8821.0,1983,9,25,6
1983-09-26,10958.0,1983,9,26,0
1983-09-27,11366.0,1983,9,27,1
1983-09-28,10953.0,1983,9,28,2
1983-09-29,10889.0,1983,9,29,3
1983-09-30,10914.0,1983,9,30,4
1983-10-01,9202.0,1983,10,1,5
1983-10-02,8893.0,1983,10,2,6
1983-10-03,10806.0,1983,10,3,0
1983-10-04,11182.0,1983,10,4,1
1983-10-05,10762.0,1983,10,5,2
1983-10-06,10675.0,1983,10,6,3
1983-10-07,10753.0,1983,10,7,4
1983-10-08,8971.0,1983,10,8,5
1983-10-09,8551.0,1983,10,9,6
1983-10-10,10273.0,1983,10,10,0
1983-10-11,10656.0,1983,10,11,1
1983-10-12,10645.0,1983,10,12,2
1983-10-13,10320.0,1983,10,13,3
1983-10-14,10610.0,1983,10,14,4
1983-10-15,8570.0,1983,10,15,5
1983-10-16,8505.0,1983,10,16,6
1983-10-17,10302.0,1983,10,17,0
1983-10-18,10485.0,1983,10,18,1
1983-10-19,10224.0,1983,10,19,2
1983-10-20,10392.0,1983,10,20,3
1983-10-21,10192.0,1983,10,21,4
1983-10-22,8626.0,1983,10,22,5
1983-10-23,8234.0,1983,10,23,6
1983-10-24,10225.0,1983,10,24,0
1983-10-25,10624.0,1983,10,25,1
1983-10-26,10201.0,1983,10,26,2
1983-10-27,10260.0,1983,10,27,3
1983-10-28,10306.0,1983,10,28,4
1983-10-29,8504.0,1983,10,29,5
1983-10-30,8496.0,1983,10,30,6
1983-10-31,9679.0,1983,10,31,0
1983-11-01,10279.0,1983,11,1,1
1983-11-02,10082.0,1983,11,2,2
1983-11-03,10253.0,1983,11,3,3
1983-11-04,10266.0,1983,11,4,4
1983-11-05,8643.0,1983,11,5,5
1983-11-06,8218.0,1983,11,6,6
1983-11-07,10240.0,1983,11,7,0
1983-11-08,10460.0,1983,11,8,1
1983-11-09,10182.0,1983,11,9,2
1983-11-10,10264.0,1983,11,10,3
1983-11-11,10109.0,1983,11,11,4
1983-11-12,8430.0,1983,11,12,5
1983-11-13,8446.0,1983,11,13,6
1983-11-14,10222.0,1983,11,14,0
1983-11-15,10683.0,1983,11,15,1
1983-11-16,10255.0,1983,11,16,2
1983-11-17,10220.0,1983,11,17,3
1983-11-18,10484.0,1983,11,18,4
1983-11-19,8681.0,1983,11,19,5
1983-11-20,8318.0,1983,11,20,6
1983-11-21,10479.0,1983,11,21,0
1983-11-22,10868.0,1983,11,22,1
1983-11-23,10341.0,1983,11,23,2
1983-11-24,8316.0,1983,11,24,3
1983-11-25,9449.0,1983,11,25,4
1983-11-26,8233.0,1983,11,26,5
1983-11-27,8224.0,1983,11,27,6
1983-11-28,10178.0,1983,11,28,0
1983-11-29,10526.0,1983,11,29,1
1983-11-30,9921.0,1983,11,30,2
1983-12-01,10297.0,1983,12,1,3
1983-12-02,10069.0,1983,12,2,4
1983-12-03,8275.0,1983,12,3,5
1983-12-04,7974.0,1983,12,4,6
1983-12-05,10178.0,1983,12,5,0
1983-12-06,10279.0,1983,12,6,1
1983-12-07,10131.0,1983,12,7,2
1983-12-08,10138.0,1983,12,8,3
1983-12-09,10132.0,1983,12,9,4
1983-12-10,8396.0,1983,12,10,5
1983-12-11,8316.0,1983,12,11,6
1983-12-12,10260.0,1983,12,12,0
1983-12-13,10427.0,1983,12,13,1
1983-12-14,10274.0,1983,12,14,2
1983-12-15,10464.0,1983,12,15,3
1983-12-16,10534.0,1983,12,16,4
1983-12-17,8299.0,1983,12,17,5
1983-12-18,8170.0,1983,12,18,6
1983-12-19,10761.0,1983,12,19,0
1983-12-20,10985.0,1983,12,20,1
1983-12-21,10226.0,1983,12,21,2
1983-12-22,9507.0,1983,12,22,3
1983-12-23,9035.0,1983,12,23,4
1983-12-24,8042.0,1983,12,24,5
1983-12-25,7645.0,1983,12,25,6
1983-12-26,8236.0,1983,12,26,0
1983-12-27,10617.0,1983,12,27,1
1983-12-28,11264.0,1983,12,28,2
1983-12-29,10883.0,1983,12,29,3
1983-12-30,11001.0,1983,12,30,4
1983-12-31,8562.0,1983,12,31,5
1984-01-01,8013.0,1984,1,1,6
1984-01-02,8005.0,1984,1,2,0
1984-01-03,9662.0,1984,1,3,1
1984-01-04,9923.0,1984,1,4,2
1984-01-05,10004.0,1984,1,5,3
1984-01-06,10117.0,1984,1,6,4
1984-01-07,8497.0,1984,1,7,5
1984-01-08,8230.0,1984,1,8,6
1984-01-09,9690.0,1984,1,9,0
1984-01-10,10115.0,1984,1,10,1
1984-01-11,9814.0,1984,1,11,2
1984-01-12,9798.0,1984,1,12,3
1984-01-13,9838.0,1984,1,13,4
1984-01-14,8504.0,1984,1,14,5
1984-01-15,8108.0,1984,1,15,6
1984-01-16,9937.0,1984,1,16,0
1984-01-17,10094.0,1984,1,17,1
1984-01-18,10134.0,1984,1,18,2
1984-01-19,9894.0,1984,1,19,3
1984-01-20,10097.0,1984,1,20,4
1984-01-21,8335.0,1984,1,21,5
1984-01-22,8072.0,1984,1,22,6
1984-01-23,9925.0,1984,1,23,0
1984-01-24,10285.0,1984,1,24,1
1984-01-25,10254.0,1984,1,25,2
1984-01-26,10144.0,1984,1,26,3
1984-01-27,10287.0,1984,1,27,4
1984-01-28,8550.0,1984,1,28,5
1984-01-29,8191.0,1984,1,29,6
1984-01-30,9880.0,1984,1,30,0
1984-01-31,10129.0,1984,1,31,1
1984-02-01,10039.0,1984,2,1,2
1984-02-02,10127.0,1984,2,2,3
1984-02-03,10199.0,1984,2,3,4
1984-02-04,8514.0,1984,2,4,5
1984-02-05,8276.0,1984,2,5,6
1984-02-06,9954.0,1984,2,6,0
1984-02-07,10083.0,1984,2,7,1
1984-02-08,10127.0,1984,2,8,2
1984-02-09,10001.0,1984,2,9,3
1984-02-10,10584.0,1984,2,10,4
1984-02-11,8747.0,1984,2,11,5
1984-02-12,8356.0,1984,2,12,6
1984-02-13,9977.0,1984,2,13,0
1984-02-14,11265.0,1984,2,14,1
1984-02-15,10213.0,1984,2,15,2
1984-02-16,10253.0,1984,2,16,3
1984-02-17,10229.0,1984,2,17,4
1984-02-18,8871.0,1984,2,18,5
1984-02-19,8377.0,1984,2,19,6
1984-02-20,9815.0,1984,2,20,0
1984-02-21,10189.0,1984,2,21,1
1984-02-22,10303.0,1984,2,22,2
1984-02-23,9995.0,1984,2,23,3
1984-02-24,10310.0,1984,2,24,4
1984-02-25,8637.0,1984,2,25,5
1984-02-26,8294.0,1984,2,26,6
1984-02-27,10052.0,1984,2,27,0
1984-02-28,10431.0,1984,2,28,1
1984-02-29,9680.0,1984,2,29,2
1984-03-01,10471.0,1984,3,1,3
1984-03-02,10505.0,1984,3,2,4
1984-03-03,8808.0,1984,3,3,5
1984-03-04,8363.0,1984,3,4,6
1984-03-05,10124.0,1984,3,5,0
1984-03-06,10557.0,1984,3,6,1
1984-03-07,10359.0,1984,3,7,2
1984-03-08,10276.0,1984,3,8,3
1984-03-09,10095.0,1984,3,9,4
1984-03-10,8663.0,1984,3,10,5
1984-03-11,8401.0,1984,3,11,6
1984-03-12,10252.0,1984,3,12,0
1984-03-13,10271.0,1984,3,13,1
1984-03-14,10176.0,1984,3,14,2
1984-03-15,10329.0,1984,3,15,3
1984-03-16,10706.0,1984,3,16,4
1984-03-17,8883.0,1984,3,17,5
1984-03-18,8331.0,1984,3,18,6
1984-03-19,10427.0,1984,3,19,0
1984-03-20,10714.0,1984,3,20,1
1984-03-21,10395.0,1984,3,21,2
1984-03-22,10353.0,1984,3,22,3
1984-03-23,10284.0,1984,3,23,4
1984-03-24,8566.0,1984,3,24,5
1984-03-25,8266.0,1984,3,25,6
1984-03-26,10166.0,1984,3,26,0
1984-03-27,10356.0,1984,3,27,1
1984-03-28,10300.0,1984,3,28,2
1984-03-29,10157.0,1984,3,29,3
1984-03-30,10269.0,1984,3,30,4
1984-03-31,8514.0,1984,3,31,5
1984-04-01,8202.0,1984,4,1,6
1984-04-02,10016.0,1984,4,2,0
1984-04-03,10052.0,1984,4,3,1
1984-04-04,10331.0,1984,4,4,2
1984-04-05,9971.0,1984,4,5,3
1984-04-06,10340.0,1984,4,6,4
1984-04-07,8567.0,1984,4,7,5
1984-04-08,8057.0,1984,4,8,6
1984-04-09,10033.0,1984,4,9,0
1984-04-10,10199.0,1984,4,10,1
1984-04-11,9830.0,1984,4,11,2
1984-04-12,10282.0,1984,4,12,3
1984-04-13,10102.0,1984,4,13,4
1984-04-14,8577.0,1984,4,14,5
1984-04-15,8088.0,1984,4,15,6
1984-04-16,9991.0,1984,4,16,0
1984-04-17,10570.0,1984,4,17,1
1984-04-18,10086.0,1984,4,18,2
1984-04-19,10057.0,1984,4,19,3
1984-04-20,9689.0,1984,4,20,4
1984-04-21,8263.0,1984,4,21,5
1984-04-22,7891.0,1984,4,22,6
1984-04-23,9931.0,1984,4,23,0
1984-04-24,10293.0,1984,4,24,1
1984-04-25,10052.0,1984,4,25,2
1984-04-26,10200.0,1984,4,26,3
1984-04-27,10152.0,1984,4,27,4
1984-04-28,8484.0,1984,4,28,5
1984-04-29,7721.0,1984,4,29,6
1984-04-30,10097.0,1984,4,30,0
1984-05-01,10535.0,1984,5,1,1
1984-05-02,10187.0,1984,5,2,2
1984-05-03,10238.0,1984,5,3,3
1984-05-04,10292.0,1984,5,4,4
1984-05-05,8380.0,1984,5,5,5
1984-05-06,8184.0,1984,5,6,6
1984-05-07,9813.0,1984,5,7,0
1984-05-08,10203.0,1984,5,8,1
1984-05-09,9688.0,1984,5,9,2
1984-05-10,9946.0,1984,5,10,3
1984-05-11,10275.0,1984,5,11,4
1984-05-12,8378.0,1984,5,12,5
1984-05-13,8199.0,1984,5,13,6
1984-05-14,10087.0,1984,5,14,0
1984-05-15,10289.0,1984,5,15,1
1984-05-16,10005.0,1984,5,16,2
1984-05-17,9851.0,1984,5,17,3
1984-05-18,10080.0,1984,5,18,4
1984-05-19,8476.0,1984,5,19,5
1984-05-20,8282.0,1984,5,20,6
1984-05-21,10181.0,1984,5,21,0
1984-05-22,10780.0,1984,5,22,1
1984-05-23,10371.0,1984,5,23,2
1984-05-24,10133.0,1984,5,24,3
1984-05-25,10575.0,1984,5,25,4
1984-05-26,8849.0,1984,5,26,5
1984-05-27,8388.0,1984,5,27,6
1984-05-28,8411.0,1984,5,28,0
1984-05-29,10268.0,1984,5,29,1
1984-05-30,10285.0,1984,5,30,2
1984-05-31,10099.0,1984,5,31,3
1984-06-01,10401.0,1984,6,1,4
1984-06-02,8880.0,1984,6,2,5
1984-06-03,8277.0,1984,6,3,6
1984-06-04,10018.0,1984,6,4,0
1984-06-05,10514.0,1984,6,5,1
1984-06-06,10477.0,1984,6,6,2
1984-06-07,10244.0,1984,6,7,3
1984-06-08,10560.0,1984,6,8,4
1984-06-09,8761.0,1984,6,9,5
1984-06-10,8422.0,1984,6,10,6
1984-06-11,10327.0,1984,6,11,0
1984-06-12,10502.0,1984,6,12,1
1984-06-13,10084.0,1984,6,13,2
1984-06-14,10732.0,1984,6,14,3
1984-06-15,10332.0,1984,6,15,4
1984-06-16,8457.0,1984,6,16,5
1984-06-17,8611.0,1984,6,17,6
1984-06-18,10483.0,1984,6,18,0
1984-06-19,10515.0,1984,6,19,1
1984-06-20,10655.0,1984,6,20,2
1984-06-21,10561.0,1984,6,21,3
1984-06-22,10586.0,1984,6,22,4
1984-06-23,8972.0,1984,6,23,5
1984-06-24,8821.0,1984,6,24,6
1984-06-25,10561.0,1984,6,25,0
1984-06-26,10980.0,1984,6,26,1
1984-06-27,10662.0,1984,6,27,2
1984-06-28,10794.0,1984,6,28,3
1984-06-29,11087.0,1984,6,29,4
1984-06-30,8940.0,1984,6,30,5
1984-07-01,8565.0,1984,7,1,6
1984-07-02,10807.0,1984,7,2,0
1984-07-03,11250.0,1984,7,3,1
1984-07-04,9240.0,1984,7,4,2
1984-07-05,10789.0,1984,7,5,3
1984-07-06,11566.0,1984,7,6,4
1984-07-07,9138.0,1984,7,7,5
1984-07-08,8956.0,1984,7,8,6
1984-07-09,10996.0,1984,7,9,0
1984-07-10,11661.0,1984,7,10,1
1984-07-11,10923.0,1984,7,11,2
1984-07-12,11264.0,1984,7,12,3
1984-07-13,10687.0,1984,7,13,4
1984-07-14,9213.0,1984,7,14,5
1984-07-15,9046.0,1984,7,15,6
1984-07-16,11295.0,1984,7,16,0
1984-07-17,11493.0,1984,7,17,1
1984-07-18,11278.0,1984,7,18,2
1984-07-19,11042.0,1984,7,19,3
1984-07-20,11185.0,1984,7,20,4
1984-07-21,9338.0,1984,7,21,5
1984-07-22,9029.0,1984,7,22,6
1984-07-23,11176.0,1984,7,23,0
1984-07-24,11811.0,1984,7,24,1
1984-07-25,11099.0,1984,7,25,2
1984-07-26,11003.0,1984,7,26,3
1984-07-27,11320.0,1984,7,27,4
1984-07-28,9470.0,1984,7,28,5
1984-07-29,8901.0,1984,7,29,6
1984-07-30,10782.0,1984,7,30,0
1984-07-31,11582.0,1984,7,31,1
1984-08-01,11227.0,1984,8,1,2
1984-08-02,11410.0,1984,8,2,3
1984-08-03,11370.0,1984,8,3,4
1984-08-04,9594.0,1984,8,4,5
1984-08-05,9137.0,1984,8,5,6
1984-08-06,11213.0,1984,8,6,0
1984-08-07,11884.0,1984,8,7,1
1984-08-08,11392.0,1984,8,8,2
1984-08-09,11377.0,1984,8,9,3
1984-08-10,11364.0,1984,8,10,4
1984-08-11,9465.0,1984,8,11,5
1984-08-12,9045.0,1984,8,12,6
1984-08-13,11017.0,1984,8,13,0
1984-08-14,11550.0,1984,8,14,1
1984-08-15,11489.0,1984,8,15,2
1984-08-16,11301.0,1984,8,16,3
1984-08-17,11427.0,1984,8,17,4
1984-08-18,9407.0,1984,8,18,5
1984-08-19,8945.0,1984,8,19,6
1984-08-20,11228.0,1984,8,20,0
1984-08-21,11585.0,1984,8,21,1
1984-08-22,11180.0,1984,8,22,2
1984-08-23,11110.0,1984,8,23,3
1984-08-24,11162.0,1984,8,24,4
1984-08-25,9254.0,1984,8,25,5
1984-08-26,9234.0,1984,8,26,6
1984-08-27,11221.0,1984,8,27,0
1984-08-28,11829.0,1984,8,28,1
1984-08-29,11342.0,1984,8,29,2
1984-08-30,11421.0,1984,8,30,3
1984-08-31,11481.0,1984,8,31,4
1984-09-01,9370.0,1984,9,1,5
1984-09-02,8962.0,1984,9,2,6
1984-09-03,9343.0,1984,9,3,0
1984-09-04,11111.0,1984,9,4,1
1984-09-05,11827.0,1984,9,5,2
1984-09-06,11442.0,1984,9,6,3
1984-09-07,11760.0,1984,9,7,4
1984-09-08,9588.0,1984,9,8,5
1984-09-09,9354.0,1984,9,9,6
1984-09-10,11641.0,1984,9,10,0
1984-09-11,11795.0,1984,9,11,1
1984-09-12,11388.0,1984,9,12,2
1984-09-13,11515.0,1984,9,13,3
1984-09-14,12034.0,1984,9,14,4
1984-09-15,9880.0,1984,9,15,5
1984-09-16,9310.0,1984,9,16,6
1984-09-17,11487.0,1984,9,17,0
1984-09-18,12038.0,1984,9,18,1
1984-09-19,11787.0,1984,9,19,2
1984-09-20,11720.0,1984,9,20,3
1984-09-21,12121.0,1984,9,21,4
1984-09-22,9857.0,1984,9,22,5
1984-09-23,9622.0,1984,9,23,6
1984-09-24,11980.0,1984,9,24,0
1984-09-25,12271.0,1984,9,25,1
1984-09-26,11691.0,1984,9,26,2
1984-09-27,11174.0,1984,9,27,3
1984-09-28,11559.0,1984,9,28,4
1984-09-29,9813.0,1984,9,29,5
1984-09-30,9462.0,1984,9,30,6
1984-10-01,11235.0,1984,10,1,0
1984-10-02,11572.0,1984,10,2,1
1984-10-03,11487.0,1984,10,3,2
1984-10-04,11339.0,1984,10,4,3
1984-10-05,11387.0,1984,10,5,4
1984-10-06,9523.0,1984,10,6,5
1984-10-07,8749.0,1984,10,7,6
1984-10-08,11054.0,1984,10,8,0
1984-10-09,11435.0,1984,10,9,1
1984-10-10,11146.0,1984,10,10,2
1984-10-11,11060.0,1984,10,11,3
1984-10-12,11018.0,1984,10,12,4
1984-10-13,9009.0,1984,10,13,5
1984-10-14,8836.0,1984,10,14,6
1984-10-15,10961.0,1984,10,15,0
1984-10-16,10999.0,1984,10,16,1
1984-10-17,10693.0,1984,10,17,2
1984-10-18,10597.0,1984,10,18,3
1984-10-19,10837.0,1984,10,19,4
1984-10-20,8791.0,1984,10,20,5
1984-10-21,8544.0,1984,10,21,6
1984-10-22,10609.0,1984,10,22,0
1984-10-23,10883.0,1984,10,23,1
1984-10-24,10395.0,1984,10,24,2
1984-10-25,10463.0,1984,10,25,3
1984-10-26,10568.0,1984,10,26,4
1984-10-27,8882.0,1984,10,27,5
1984-10-28,8910.0,1984,10,28,6
1984-10-29,10266.0,1984,10,29,0
1984-10-30,10458.0,1984,10,30,1
1984-10-31,10033.0,1984,10,31,2
1984-11-01,10602.0,1984,11,1,3
1984-11-02,10436.0,1984,11,2,4
1984-11-03,8526.0,1984,11,3,5
1984-11-04,8380.0,1984,11,4,6
1984-11-05,10572.0,1984,11,5,0
1984-11-06,10506.0,1984,11,6,1
1984-11-07,10291.0,1984,11,7,2
1984-11-08,10378.0,1984,11,8,3
1984-11-09,10772.0,1984,11,9,4
1984-11-10,8487.0,1984,11,10,5
1984-11-11,8576.0,1984,11,11,6
1984-11-12,10262.0,1984,11,12,0
1984-11-13,10755.0,1984,11,13,1
1984-11-14,10403.0,1984,11,14,2
1984-11-15,10701.0,1984,11,15,3
1984-11-16,10722.0,1984,11,16,4
1984-11-17,8688.0,1984,11,17,5
1984-11-18,8300.0,1984,11,18,6
1984-11-19,10740.0,1984,11,19,0
1984-11-20,10941.0,1984,11,20,1
1984-11-21,10501.0,1984,11,21,2
1984-11-22,8011.0,1984,11,22,3
1984-11-23,9689.0,1984,11,23,4
1984-11-24,8512.0,1984,11,24,5
1984-11-25,8543.0,1984,11,25,6
1984-11-26,10656.0,1984,11,26,0
1984-11-27,10819.0,1984,11,27,1
1984-11-28,10458.0,1984,11,28,2
1984-11-29,10387.0,1984,11,29,3
1984-11-30,10560.0,1984,11,30,4
1984-12-01,8479.0,1984,12,1,5
1984-12-02,8348.0,1984,12,2,6
1984-12-03,10289.0,1984,12,3,0
1984-12-04,10544.0,1984,12,4,1
1984-12-05,10182.0,1984,12,5,2
1984-12-06,10172.0,1984,12,6,3
1984-12-07,10260.0,1984,12,7,4
1984-12-08,8459.0,1984,12,8,5
1984-12-09,8267.0,1984,12,9,6
1984-12-10,10506.0,1984,12,10,0
1984-12-11,10747.0,1984,12,11,1
1984-12-12,10569.0,1984,12,12,2
1984-12-13,10378.0,1984,12,13,3
1984-12-14,10630.0,1984,12,14,4
1984-12-15,8505.0,1984,12,15,5
1984-12-16,8253.0,1984,12,16,6
1984-12-17,10760.0,1984,12,17,0
1984-12-18,11444.0,1984,12,18,1
1984-12-19,10933.0,1984,12,19,2
1984-12-20,10825.0,1984,12,20,3
1984-12-21,10474.0,1984,12,21,4
1984-12-22,8519.0,1984,12,22,5
1984-12-23,7901.0,1984,12,23,6
1984-12-24,8575.0,1984,12,24,0
1984-12-25,7851.0,1984,12,25,1
1984-12-26,9777.0,1984,12,26,2
1984-12-27,11224.0,1984,12,27,3
1984-12-28,11705.0,1984,12,28,4
1984-12-29,9254.0,1984,12,29,5
1984-12-30,8386.0,1984,12,30,6
1984-12-31,10105.0,1984,12,31,0
1985-01-01,8335.0,1985,1,1,1
1985-01-02,9377.0,1985,1,2,2
1985-01-03,10052.0,1985,1,3,3
1985-01-04,10458.0,1985,1,4,4
1985-01-05,8648.0,1985,1,5,5
1985-01-06,8477.0,1985,1,6,6
1985-01-07,10078.0,1985,1,7,0
1985-01-08,10242.0,1985,1,8,1
1985-01-09,9988.0,1985,1,9,2
1985-01-10,10150.0,1985,1,10,3
1985-01-11,10501.0,1985,1,11,4
1985-01-12,8759.0,1985,1,12,5
1985-01-13,8247.0,1985,1,13,6
1985-01-14,10409.0,1985,1,14,0
1985-01-15,10692.0,1985,1,15,1
1985-01-16,10199.0,1985,1,16,2
1985-01-17,10391.0,1985,1,17,3
1985-01-18,10865.0,1985,1,18,4
1985-01-19,8982.0,1985,1,19,5
1985-01-20,8345.0,1985,1,20,6
1985-01-21,10314.0,1985,1,21,0
1985-01-22,10598.0,1985,1,22,1
1985-01-23,10496.0,1985,1,23,2
1985-01-24,10470.0,1985,1,24,3
1985-01-25,10755.0,1985,1,25,4
1985-01-26,8774.0,1985,1,26,5
1985-01-27,8441.0,1985,1,27,6
1985-01-28,10322.0,1985,1,28,0
1985-01-29,10582.0,1985,1,29,1
1985-01-30,10308.0,1985,1,30,2
1985-01-31,10162.0,1985,1,31,3
1985-02-01,10591.0,1985,2,1,4
1985-02-02,8829.0,1985,2,2,5
1985-02-03,8347.0,1985,2,3,6
1985-02-04,10338.0,1985,2,4,0
1985-02-05,10607.0,1985,2,5,1
1985-02-06,10506.0,1985,2,6,2
1985-02-07,10508.0,1985,2,7,3
1985-02-08,10579.0,1985,2,8,4
1985-02-09,8921.0,1985,2,9,5
1985-02-10,8607.0,1985,2,10,6
1985-02-11,10597.0,1985,2,11,0
1985-02-12,10889.0,1985,2,12,1
1985-02-13,10306.0,1985,2,13,2
1985-02-14,11363.0,1985,2,14,3
1985-02-15,10681.0,1985,2,15,4
1985-02-16,8883.0,1985,2,16,5
1985-02-17,8476.0,1985,2,17,6
1985-02-18,9925.0,1985,2,18,0
1985-02-19,10572.0,1985,2,19,1
1985-02-20,10536.0,1985,2,20,2
1985-02-21,10583.0,1985,2,21,3
1985-02-22,10729.0,1985,2,22,4
1985-02-23,8833.0,1985,2,23,5
1985-02-24,8836.0,1985,2,24,6
1985-02-25,10529.0,1985,2,25,0
1985-02-26,10718.0,1985,2,26,1
1985-02-27,10671.0,1985,2,27,2
1985-02-28,10616.0,1985,2,28,3
1985-03-01,10876.0,1985,3,1,4
1985-03-02,8824.0,1985,3,2,5
1985-03-03,8554.0,1985,3,3,6
1985-03-04,10629.0,1985,3,4,0
1985-03-05,10797.0,1985,3,5,1
1985-03-06,10475.0,1985,3,6,2
1985-03-07,10509.0,1985,3,7,3
1985-03-08,10927.0,1985,3,8,4
1985-03-09,9010.0,1985,3,9,5
1985-03-10,8344.0,1985,3,10,6
1985-03-11,10544.0,1985,3,11,0
1985-03-12,10812.0,1985,3,12,1
1985-03-13,10286.0,1985,3,13,2
1985-03-14,10732.0,1985,3,14,3
1985-03-15,10610.0,1985,3,15,4
1985-03-16,8690.0,1985,3,16,5
1985-03-17,8503.0,1985,3,17,6
1985-03-18,10516.0,1985,3,18,0
1985-03-19,10803.0,1985,3,19,1
1985-03-20,10683.0,1985,3,20,2
1985-03-21,10591.0,1985,3,21,3
1985-03-22,10792.0,1985,3,22,4
1985-03-23,8867.0,1985,3,23,5
1985-03-24,8458.0,1985,3,24,6
1985-03-25,10472.0,1985,3,25,0
1985-03-26,10918.0,1985,3,26,1
1985-03-27,10666.0,1985,3,27,2
1985-03-28,10890.0,1985,3,28,3
1985-03-29,11037.0,1985,3,29,4
1985-03-30,8887.0,1985,3,30,5
1985-03-31,8321.0,1985,3,31,6
1985-04-01,9834.0,1985,4,1,0
1985-04-02,11263.0,1985,4,2,1
1985-04-03,10554.0,1985,4,3,2
1985-04-04,10589.0,1985,4,4,3
1985-04-05,10238.0,1985,4,5,4
1985-04-06,8761.0,1985,4,6,5
1985-04-07,8136.0,1985,4,7,6
1985-04-08,10135.0,1985,4,8,0
1985-04-09,10541.0,1985,4,9,1
1985-04-10,10559.0,1985,4,10,2
1985-04-11,10506.0,1985,4,11,3
1985-04-12,10733.0,1985,4,12,4
1985-04-13,8766.0,1985,4,13,5
1985-04-14,8390.0,1985,4,14,6
1985-04-15,10607.0,1985,4,15,0
1985-04-16,11121.0,1985,4,16,1
1985-04-17,10493.0,1985,4,17,2
1985-04-18,10464.0,1985,4,18,3
1985-04-19,11178.0,1985,4,19,4
1985-04-20,8797.0,1985,4,20,5
1985-04-21,8639.0,1985,4,21,6
1985-04-22,10712.0,1985,4,22,0
1985-04-23,11030.0,1985,4,23,1
1985-04-24,10413.0,1985,4,24,2
1985-04-25,10634.0,1985,4,25,3
1985-04-26,10671.0,1985,4,26,4
1985-04-27,8925.0,1985,4,27,5
1985-04-28,8059.0,1985,4,28,6
1985-04-29,10484.0,1985,4,29,0
1985-04-30,10894.0,1985,4,30,1
1985-05-01,10727.0,1985,5,1,2
1985-05-02,10728.0,1985,5,2,3
1985-05-03,10593.0,1985,5,3,4
1985-05-04,8680.0,1985,5,4,5
1985-05-05,8678.0,1985,5,5,6
1985-05-06,10642.0,1985,5,6,0
1985-05-07,11267.0,1985,5,7,1
1985-05-08,10723.0,1985,5,8,2
1985-05-09,10764.0,1985,5,9,3
1985-05-10,11005.0,1985,5,10,4
1985-05-11,8971.0,1985,5,11,5
1985-05-12,8643.0,1985,5,12,6
1985-05-13,10154.0,1985,5,13,0
1985-05-14,11099.0,1985,5,14,1
1985-05-15,10762.0,1985,5,15,2
1985-05-16,10409.0,1985,5,16,3
1985-05-17,10845.0,1985,5,17,4
1985-05-18,8950.0,1985,5,18,5
1985-05-19,8453.0,1985,5,19,6
1985-05-20,10955.0,1985,5,20,0
1985-05-21,10962.0,1985,5,21,1
1985-05-22,10908.0,1985,5,22,2
1985-05-23,10845.0,1985,5,23,3
1985-05-24,11196.0,1985,5,24,4
1985-05-25,8925.0,1985,5,25,5
1985-05-26,8756.0,1985,5,26,6
1985-05-27,9049.0,1985,5,27,0
1985-05-28,10865.0,1985,5,28,1
1985-05-29,11225.0,1985,5,29,2
1985-05-30,10943.0,1985,5,30,3
1985-05-31,11288.0,1985,5,31,4
1985-06-01,8996.0,1985,6,1,5
1985-06-02,8753.0,1985,6,2,6
1985-06-03,10538.0,1985,6,3,0
1985-06-04,10772.0,1985,6,4,1
1985-06-05,10846.0,1985,6,5,2
1985-06-06,10805.0,1985,6,6,3
1985-06-07,10993.0,1985,6,7,4
1985-06-08,8936.0,1985,6,8,5
1985-06-09,8789.0,1985,6,9,6
1985-06-10,10919.0,1985,6,10,0
1985-06-11,11091.0,1985,6,11,1
1985-06-12,10620.0,1985,6,12,2
1985-06-13,10402.0,1985,6,13,3
1985-06-14,11047.0,1985,6,14,4
1985-06-15,8991.0,1985,6,15,5
1985-06-16,8831.0,1985,6,16,6
1985-06-17,10962.0,1985,6,17,0
1985-06-18,11141.0,1985,6,18,1
1985-06-19,10856.0,1985,6,19,2
1985-06-20,11341.0,1985,6,20,3
1985-06-21,11204.0,1985,6,21,4
1985-06-22,9258.0,1985,6,22,5
1985-06-23,8757.0,1985,6,23,6
1985-06-24,11014.0,1985,6,24,0
1985-06-25,11385.0,1985,6,25,1
1985-06-26,11112.0,1985,6,26,2
1985-06-27,11066.0,1985,6,27,3
1985-06-28,11360.0,1985,6,28,4
1985-06-29,9200.0,1985,6,29,5
1985-06-30,8877.0,1985,6,30,6
1985-07-01,11302.0,1985,7,1,0
1985-07-02,11905.0,1985,7,2,1
1985-07-03,11698.0,1985,7,3,2
1985-07-04,9176.0,1985,7,4,3
1985-07-05,11233.0,1985,7,5,4
1985-07-06,9326.0,1985,7,6,5
1985-07-07,9114.0,1985,7,7,6
1985-07-08,11340.0,1985,7,8,0
1985-07-09,11882.0,1985,7,9,1
1985-07-10,11640.0,1985,7,10,2
1985-07-11,11148.0,1985,7,11,3
1985-07-12,11459.0,1985,7,12,4
1985-07-13,9180.0,1985,7,13,5
1985-07-14,8965.0,1985,7,14,6
1985-07-15,11414.0,1985,7,15,0
1985-07-16,11685.0,1985,7,16,1
1985-07-17,11243.0,1985,7,17,2
1985-07-18,11231.0,1985,7,18,3
1985-07-19,11484.0,1985,7,19,4
1985-07-20,9375.0,1985,7,20,5
1985-07-21,8914.0,1985,7,21,6
1985-07-22,11164.0,1985,7,22,0
1985-07-23,11489.0,1985,7,23,1
1985-07-24,11100.0,1985,7,24,2
1985-07-25,11341.0,1985,7,25,3
1985-07-26,11399.0,1985,7,26,4
1985-07-27,9441.0,1985,7,27,5
1985-07-28,8941.0,1985,7,28,6
1985-07-29,11331.0,1985,7,29,0
1985-07-30,11707.0,1985,7,30,1
1985-07-31,11284.0,1985,7,31,2
1985-08-01,11202.0,1985,8,1,3
1985-08-02,11221.0,1985,8,2,4
1985-08-03,9413.0,1985,8,3,5
1985-08-04,8804.0,1985,8,4,6
1985-08-05,11160.0,1985,8,5,0
1985-08-06,11562.0,1985,8,6,1
1985-08-07,11442.0,1985,8,7,2
1985-08-08,11533.0,1985,8,8,3
1985-08-09,11542.0,1985,8,9,4
1985-08-10,9321.0,1985,8,10,5
1985-08-11,9027.0,1985,8,11,6
1985-08-12,11424.0,1985,8,12,0
1985-08-13,11636.0,1985,8,13,1
1985-08-14,11540.0,1985,8,14,2
1985-08-15,11746.0,1985,8,15,3
1985-08-16,11614.0,1985,8,16,4
1985-08-17,9680.0,1985,8,17,5
1985-08-18,9291.0,1985,8,18,6
1985-08-19,11314.0,1985,8,19,0
1985-08-20,11903.0,1985,8,20,1
1985-08-21,11384.0,1985,8,21,2
1985-08-22,11538.0,1985,8,22,3
1985-08-23,11434.0,1985,8,23,4
1985-08-24,9473.0,1985,8,24,5
1985-08-25,9128.0,1985,8,25,6
1985-08-26,11324.0,1985,8,26,0
1985-08-27,11780.0,1985,8,27,1
1985-08-28,11368.0,1985,8,28,2
1985-08-29,11515.0,1985,8,29,3
1985-08-30,11867.0,1985,8,30,4
1985-08-31,9832.0,1985,8,31,5
1985-09-01,9145.0,1985,9,1,6
1985-09-02,9183.0,1985,9,2,0
1985-09-03,11417.0,1985,9,3,1
1985-09-04,11985.0,1985,9,4,2
1985-09-05,11959.0,1985,9,5,3
1985-09-06,11925.0,1985,9,6,4
1985-09-07,9564.0,1985,9,7,5
1985-09-08,9072.0,1985,9,8,6
1985-09-09,11623.0,1985,9,9,0
1985-09-10,11828.0,1985,9,10,1
1985-09-11,11521.0,1985,9,11,2
1985-09-12,11958.0,1985,9,12,3
1985-09-13,11330.0,1985,9,13,4
1985-09-14,9542.0,1985,9,14,5
1985-09-15,9281.0,1985,9,15,6
1985-09-16,11849.0,1985,9,16,0
1985-09-17,12058.0,1985,9,17,1
1985-09-18,11819.0,1985,9,18,2
1985-09-19,12212.0,1985,9,19,3
1985-09-20,12118.0,1985,9,20,4
1985-09-21,10144.0,1985,9,21,5
1985-09-22,9798.0,1985,9,22,6
1985-09-23,11909.0,1985,9,23,0
1985-09-24,12396.0,1985,9,24,1
1985-09-25,11695.0,1985,9,25,2
1985-09-26,12038.0,1985,9,26,3
1985-09-27,11926.0,1985,9,27,4
1985-09-28,9584.0,1985,9,28,5
1985-09-29,9236.0,1985,9,29,6
1985-09-30,11560.0,1985,9,30,0
1985-10-01,11719.0,1985,10,1,1
1985-10-02,11365.0,1985,10,2,2
1985-10-03,11359.0,1985,10,3,3
1985-10-04,11810.0,1985,10,4,4
1985-10-05,9578.0,1985,10,5,5
1985-10-06,8928.0,1985,10,6,6
1985-10-07,11024.0,1985,10,7,0
1985-10-08,11358.0,1985,10,8,1
1985-10-09,10959.0,1985,10,9,2
1985-10-10,11057.0,1985,10,10,3
1985-10-11,11184.0,1985,10,11,4
1985-10-12,8948.0,1985,10,12,5
1985-10-13,8515.0,1985,10,13,6
1985-10-14,10651.0,1985,10,14,0
1985-10-15,11353.0,1985,10,15,1
1985-10-16,10784.0,1985,10,16,2
1985-10-17,10809.0,1985,10,17,3
1985-10-18,10849.0,1985,10,18,4
1985-10-19,8847.0,1985,10,19,5
1985-10-20,8481.0,1985,10,20,6
1985-10-21,10773.0,1985,10,21,0
1985-10-22,11023.0,1985,10,22,1
1985-10-23,10698.0,1985,10,23,2
1985-10-24,10657.0,1985,10,24,3
1985-10-25,10892.0,1985,10,25,4
1985-10-26,8721.0,1985,10,26,5
1985-10-27,8823.0,1985,10,27,6
1985-10-28,10510.0,1985,10,28,0
1985-10-29,10790.0,1985,10,29,1
1985-10-30,10666.0,1985,10,30,2
1985-10-31,10246.0,1985,10,31,3
1985-11-01,11095.0,1985,11,1,4
1985-11-02,8875.0,1985,11,2,5
1985-11-03,8442.0,1985,11,3,6
1985-11-04,10896.0,1985,11,4,0
1985-11-05,11119.0,1985,11,5,1
1985-11-06,10695.0,1985,11,6,2
1985-11-07,10865.0,1985,11,7,3
1985-11-08,10798.0,1985,11,8,4
1985-11-09,8788.0,1985,11,9,5
1985-11-10,8338.0,1985,11,10,6
1985-11-11,10348.0,1985,11,11,0
1985-11-12,10984.0,1985,11,12,1
1985-11-13,10505.0,1985,11,13,2
1985-11-14,10837.0,1985,11,14,3
1985-11-15,10971.0,1985,11,15,4
1985-11-16,8718.0,1985,11,16,5
1985-11-17,8545.0,1985,11,17,6
1985-11-18,10721.0,1985,11,18,0
1985-11-19,10800.0,1985,11,19,1
1985-11-20,10829.0,1985,11,20,2
1985-11-21,10638.0,1985,11,21,3
1985-11-22,11058.0,1985,11,22,4
1985-11-23,8814.0,1985,11,23,5
1985-11-24,8581.0,1985,11,24,6
1985-11-25,10816.0,1985,11,25,0
1985-11-26,11284.0,1985,11,26,1
1985-11-27,10766.0,1985,11,27,2
1985-11-28,8183.0,1985,11,28,3
1985-11-29,9922.0,1985,11,29,4
1985-11-30,8696.0,1985,11,30,5
1985-12-01,8549.0,1985,12,1,6
1985-12-02,10578.0,1985,12,2,0
1985-12-03,11263.0,1985,12,3,1
1985-12-04,10672.0,1985,12,4,2
1985-12-05,10604.0,1985,12,5,3
1985-12-06,10484.0,1985,12,6,4
1985-12-07,8535.0,1985,12,7,5
1985-12-08,8394.0,1985,12,8,6
1985-12-09,10607.0,1985,12,9,0
1985-12-10,10974.0,1985,12,10,1
1985-12-11,10433.0,1985,12,11,2
1985-12-12,10610.0,1985,12,12,3
1985-12-13,10145.0,1985,12,13,4
1985-12-14,8706.0,1985,12,14,5
1985-12-15,8253.0,1985,12,15,6
1985-12-16,10987.0,1985,12,16,0
1985-12-17,11453.0,1985,12,17,1
1985-12-18,10983.0,1985,12,18,2
1985-12-19,10917.0,1985,12,19,3
1985-12-20,11308.0,1985,12,20,4
1985-12-21,8916.0,1985,12,21,5
1985-12-22,8259.0,1985,12,22,6
1985-12-23,9859.0,1985,12,23,0
1985-12-24,9203.0,1985,12,24,1
1985-12-25,8031.0,1985,12,25,2
1985-12-26,10022.0,1985,12,26,3
1985-12-27,11484.0,1985,12,27,4
1985-12-28,9248.0,1985,12,28,5
1985-12-29,8526.0,1985,12,29,6
1985-12-30,11644.0,1985,12,30,0
1985-12-31,11485.0,1985,12,31,1
1986-01-01,8444.0,1986,1,1,2
1986-01-02,9446.0,1986,1,2,3
1986-01-03,10327.0,1986,1,3,4
1986-01-04,8807.0,1986,1,4,5
1986-01-05,8397.0,1986,1,5,6
1986-01-06,10293.0,1986,1,6,0
1986-01-07,10716.0,1986,1,7,1
1986-01-08,10065.0,1986,1,8,2
1986-01-09,10056.0,1986,1,9,3
1986-01-10,10659.0,1986,1,10,4
1986-01-11,8870.0,1986,1,11,5
1986-01-12,8274.0,1986,1,12,6
1986-01-13,10206.0,1986,1,13,0
1986-01-14,10739.0,1986,1,14,1
1986-01-15,10403.0,1986,1,15,2
1986-01-16,10387.0,1986,1,16,3
1986-01-17,10674.0,1986,1,17,4
1986-01-18,8843.0,1986,1,18,5
1986-01-19,8354.0,1986,1,19,6
1986-01-20,10489.0,1986,1,20,0
1986-01-21,10856.0,1986,1,21,1
1986-01-22,10398.0,1986,1,22,2
1986-01-23,10388.0,1986,1,23,3
1986-01-24,10511.0,1986,1,24,4
1986-01-25,9021.0,1986,1,25,5
1986-01-26,8328.0,1986,1,26,6
1986-01-27,10459.0,1986,1,27,0
1986-01-28,10650.0,1986,1,28,1
1986-01-29,10442.0,1986,1,29,2
1986-01-30,10376.0,1986,1,30,3
1986-01-31,10638.0,1986,1,31,4
1986-02-01,8736.0,1986,2,1,5
1986-02-02,8542.0,1986,2,2,6
1986-02-03,10403.0,1986,2,3,0
1986-02-04,10765.0,1986,2,4,1
1986-02-05,10219.0,1986,2,5,2
1986-02-06,10606.0,1986,2,6,3
1986-02-07,10638.0,1986,2,7,4
1986-02-08,8759.0,1986,2,8,5
1986-02-09,8471.0,1986,2,9,6
1986-02-10,10558.0,1986,2,10,0
1986-02-11,10747.0,1986,2,11,1
1986-02-12,10571.0,1986,2,12,2
1986-02-13,10442.0,1986,2,13,3
1986-02-14,11412.0,1986,2,14,4
1986-02-15,8927.0,1986,2,15,5
1986-02-16,8413.0,1986,2,16,6
1986-02-17,10237.0,1986,2,17,0
1986-02-18,10919.0,1986,2,18,1
1986-02-19,10869.0,1986,2,19,2
1986-02-20,10654.0,1986,2,20,3
1986-02-21,10820.0,1986,2,21,4
1986-02-22,8969.0,1986,2,22,5
1986-02-23,8383.0,1986,2,23,6
1986-02-24,10563.0,1986,2,24,0
1986-02-25,10891.0,1986,2,25,1
1986-02-26,10716.0,1986,2,26,2
1986-02-27,10672.0,1986,2,27,3
1986-02-28,10883.0,1986,2,28,4
1986-03-01,8776.0,1986,3,1,5
1986-03-02,8334.0,1986,3,2,6
1986-03-03,10671.0,1986,3,3,0
1986-03-04,10926.0,1986,3,4,1
1986-03-05,10651.0,1986,3,5,2
1986-03-06,10783.0,1986,3,6,3
1986-03-07,11033.0,1986,3,7,4
1986-03-08,8763.0,1986,3,8,5
1986-03-09,8240.0,1986,3,9,6
1986-03-10,10839.0,1986,3,10,0
1986-03-11,10958.0,1986,3,11,1
1986-03-12,10744.0,1986,3,12,2
1986-03-13,10522.0,1986,3,13,3
1986-03-14,10897.0,1986,3,14,4
1986-03-15,8854.0,1986,3,15,5
1986-03-16,8432.0,1986,3,16,6
1986-03-17,10670.0,1986,3,17,0
1986-03-18,10865.0,1986,3,18,1
1986-03-19,10710.0,1986,3,19,2
1986-03-20,10743.0,1986,3,20,3
1986-03-21,10984.0,1986,3,21,4
1986-03-22,8554.0,1986,3,22,5
1986-03-23,8387.0,1986,3,23,6
1986-03-24,10542.0,1986,3,24,0
1986-03-25,11144.0,1986,3,25,1
1986-03-26,10872.0,1986,3,26,2
1986-03-27,11081.0,1986,3,27,3
1986-03-28,10813.0,1986,3,28,4
1986-03-29,8817.0,1986,3,29,5
1986-03-30,8572.0,1986,3,30,6
1986-03-31,10569.0,1986,3,31,0
1986-04-01,10569.0,1986,4,1,1
1986-04-02,10683.0,1986,4,2,2
1986-04-03,11000.0,1986,4,3,3
1986-04-04,10807.0,1986,4,4,4
1986-04-05,8944.0,1986,4,5,5
1986-04-06,8289.0,1986,4,6,6
1986-04-07,10720.0,1986,4,7,0
1986-04-08,11217.0,1986,4,8,1
1986-04-09,10656.0,1986,4,9,2
1986-04-10,10621.0,1986,4,10,3
1986-04-11,10486.0,1986,4,11,4
1986-04-12,8608.0,1986,4,12,5
1986-04-13,8295.0,1986,4,13,6
1986-04-14,10658.0,1986,4,14,0
1986-04-15,10876.0,1986,4,15,1
1986-04-16,10609.0,1986,4,16,2
1986-04-17,10664.0,1986,4,17,3
1986-04-18,10549.0,1986,4,18,4
1986-04-19,8679.0,1986,4,19,5
1986-04-20,8382.0,1986,4,20,6
1986-04-21,10447.0,1986,4,21,0
1986-04-22,10896.0,1986,4,22,1
1986-04-23,10341.0,1986,4,23,2
1986-04-24,10572.0,1986,4,24,3
1986-04-25,10988.0,1986,4,25,4
1986-04-26,9023.0,1986,4,26,5
1986-04-27,8167.0,1986,4,27,6
1986-04-28,10820.0,1986,4,28,0
1986-04-29,11003.0,1986,4,29,1
1986-04-30,10881.0,1986,4,30,2
1986-05-01,10962.0,1986,5,1,3
1986-05-02,10821.0,1986,5,2,4
1986-05-03,8524.0,1986,5,3,5
1986-05-04,7921.0,1986,5,4,6
1986-05-05,10494.0,1986,5,5,0
1986-05-06,11018.0,1986,5,6,1
1986-05-07,10640.0,1986,5,7,2
1986-05-08,10517.0,1986,5,8,3
1986-05-09,10813.0,1986,5,9,4
1986-05-10,8835.0,1986,5,10,5
1986-05-11,8358.0,1986,5,11,6
1986-05-12,10637.0,1986,5,12,0
1986-05-13,10959.0,1986,5,13,1
1986-05-14,10750.0,1986,5,14,2
1986-05-15,10886.0,1986,5,15,3
1986-05-16,11116.0,1986,5,16,4
1986-05-17,8880.0,1986,5,17,5
1986-05-18,8602.0,1986,5,18,6
1986-05-19,10785.0,1986,5,19,0
1986-05-20,11221.0,1986,5,20,1
1986-05-21,10719.0,1986,5,21,2
1986-05-22,10781.0,1986,5,22,3
1986-05-23,11284.0,1986,5,23,4
1986-05-24,8937.0,1986,5,24,5
1986-05-25,8442.0,1986,5,25,6
1986-05-26,8838.0,1986,5,26,0
1986-05-27,11086.0,1986,5,27,1
1986-05-28,11454.0,1986,5,28,2
1986-05-29,11348.0,1986,5,29,3
1986-05-30,11560.0,1986,5,30,4
1986-05-31,9131.0,1986,5,31,5
1986-06-01,8579.0,1986,6,1,6
1986-06-02,10757.0,1986,6,2,0
1986-06-03,10785.0,1986,6,3,1
1986-06-04,10762.0,1986,6,4,2
1986-06-05,10923.0,1986,6,5,3
1986-06-06,11010.0,1986,6,6,4
1986-06-07,8664.0,1986,6,7,5
1986-06-08,8405.0,1986,6,8,6
1986-06-09,10632.0,1986,6,9,0
1986-06-10,10879.0,1986,6,10,1
1986-06-11,10998.0,1986,6,11,2
1986-06-12,11111.0,1986,6,12,3
1986-06-13,10411.0,1986,6,13,4
1986-06-14,8643.0,1986,6,14,5
1986-06-15,8528.0,1986,6,15,6
1986-06-16,11051.0,1986,6,16,0
1986-06-17,11361.0,1986,6,17,1
1986-06-18,10692.0,1986,6,18,2
1986-06-19,10676.0,1986,6,19,3
1986-06-20,11154.0,1986,6,20,4
1986-06-21,8857.0,1986,6,21,5
1986-06-22,8473.0,1986,6,22,6
1986-06-23,10968.0,1986,6,23,0
1986-06-24,11532.0,1986,6,24,1
1986-06-25,11038.0,1986,6,25,2
1986-06-26,11100.0,1986,6,26,3
1986-06-27,11286.0,1986,6,27,4
1986-06-28,9128.0,1986,6,28,5
1986-06-29,8718.0,1986,6,29,6
1986-06-30,10890.0,1986,6,30,0
1986-07-01,11545.0,1986,7,1,1
1986-07-02,11413.0,1986,7,2,2
1986-07-03,11306.0,1986,7,3,3
1986-07-04,9019.0,1986,7,4,4
1986-07-05,9111.0,1986,7,5,5
1986-07-06,8665.0,1986,7,6,6
1986-07-07,11367.0,1986,7,7,0
1986-07-08,12051.0,1986,7,8,1
1986-07-09,11404.0,1986,7,9,2
1986-07-10,11684.0,1986,7,10,3
1986-07-11,11405.0,1986,7,11,4
1986-07-12,9182.0,1986,7,12,5
1986-07-13,8789.0,1986,7,13,6
1986-07-14,11133.0,1986,7,14,0
1986-07-15,11627.0,1986,7,15,1
1986-07-16,11334.0,1986,7,16,2
1986-07-17,11378.0,1986,7,17,3
1986-07-18,11572.0,1986,7,18,4
1986-07-19,9421.0,1986,7,19,5
1986-07-20,9050.0,1986,7,20,6
1986-07-21,11200.0,1986,7,21,0
1986-07-22,12263.0,1986,7,22,1
1986-07-23,11540.0,1986,7,23,2
1986-07-24,11322.0,1986,7,24,3
1986-07-25,11801.0,1986,7,25,4
1986-07-26,9386.0,1986,7,26,5
1986-07-27,8959.0,1986,7,27,6
1986-07-28,11372.0,1986,7,28,0
1986-07-29,11896.0,1986,7,29,1
1986-07-30,11418.0,1986,7,30,2
1986-07-31,11298.0,1986,7,31,3
1986-08-01,11686.0,1986,8,1,4
1986-08-02,9357.0,1986,8,2,5
1986-08-03,8875.0,1986,8,3,6
1986-08-04,11264.0,1986,8,4,0
1986-08-05,11655.0,1986,8,5,1
1986-08-06,11643.0,1986,8,6,2
1986-08-07,11413.0,1986,8,7,3
1986-08-08,11733.0,1986,8,8,4
1986-08-09,9560.0,1986,8,9,5
1986-08-10,8924.0,1986,8,10,6
1986-08-11,11216.0,1986,8,11,0
1986-08-12,11685.0,1986,8,12,1
1986-08-13,11158.0,1986,8,13,2
1986-08-14,11340.0,1986,8,14,3
1986-08-15,11651.0,1986,8,15,4
1986-08-16,9552.0,1986,8,16,5
1986-08-17,9135.0,1986,8,17,6
1986-08-18,11258.0,1986,8,18,0
1986-08-19,11833.0,1986,8,19,1
1986-08-20,11768.0,1986,8,20,2
1986-08-21,11509.0,1986,8,21,3
1986-08-22,11554.0,1986,8,22,4
1986-08-23,9491.0,1986,8,23,5
1986-08-24,8940.0,1986,8,24,6
1986-08-25,11333.0,1986,8,25,0
1986-08-26,11819.0,1986,8,26,1
1986-08-27,11680.0,1986,8,27,2
1986-08-28,11462.0,1986,8,28,3
1986-08-29,11717.0,1986,8,29,4
1986-08-30,9211.0,1986,8,30,5
1986-08-31,8842.0,1986,8,31,6
1986-09-01,8948.0,1986,9,1,0
1986-09-02,11277.0,1986,9,2,1
1986-09-03,11840.0,1986,9,3,2
1986-09-04,11737.0,1986,9,4,3
1986-09-05,11884.0,1986,9,5,4
1986-09-06,9685.0,1986,9,6,5
1986-09-07,9044.0,1986,9,7,6
1986-09-08,11221.0,1986,9,8,0
1986-09-09,11877.0,1986,9,9,1
1986-09-10,11443.0,1986,9,10,2
1986-09-11,11704.0,1986,9,11,3
1986-09-12,12011.0,1986,9,12,4
1986-09-13,9596.0,1986,9,13,5
1986-09-14,9167.0,1986,9,14,6
1986-09-15,11763.0,1986,9,15,0
1986-09-16,12301.0,1986,9,16,1
1986-09-17,11757.0,1986,9,17,2
1986-09-18,12011.0,1986,9,18,3
1986-09-19,12237.0,1986,9,19,4
1986-09-20,9906.0,1986,9,20,5
1986-09-21,9483.0,1986,9,21,6
1986-09-22,12156.0,1986,9,22,0
1986-09-23,12235.0,1986,9,23,1
1986-09-24,12062.0,1986,9,24,2
1986-09-25,12281.0,1986,9,25,3
1986-09-26,12412.0,1986,9,26,4
1986-09-27,9783.0,1986,9,27,5
1986-09-28,9171.0,1986,9,28,6
1986-09-29,11731.0,1986,9,29,0
1986-09-30,11859.0,1986,9,30,1
1986-10-01,11704.0,1986,10,1,2
1986-10-02,11536.0,1986,10,2,3
1986-10-03,11446.0,1986,10,3,4
1986-10-04,9282.0,1986,10,4,5
1986-10-05,8799.0,1986,10,5,6
1986-10-06,10979.0,1986,10,6,0
1986-10-07,11500.0,1986,10,7,1
1986-10-08,11013.0,1986,10,8,2
1986-10-09,10859.0,1986,10,9,3
1986-10-10,11168.0,1986,10,10,4
1986-10-11,8775.0,1986,10,11,5
1986-10-12,8217.0,1986,10,12,6
1986-10-13,10322.0,1986,10,13,0
1986-10-14,11030.0,1986,10,14,1
1986-10-15,11085.0,1986,10,15,2
1986-10-16,10867.0,1986,10,16,3
1986-10-17,11004.0,1986,10,17,4
1986-10-18,8710.0,1986,10,18,5
1986-10-19,8218.0,1986,10,19,6
1986-10-20,10445.0,1986,10,20,0
1986-10-21,10981.0,1986,10,21,1
1986-10-22,10589.0,1986,10,22,2
1986-10-23,10526.0,1986,10,23,3
1986-10-24,10736.0,1986,10,24,4
1986-10-25,8580.0,1986,10,25,5
1986-10-26,8562.0,1986,10,26,6
1986-10-27,10522.0,1986,10,27,0
1986-10-28,10796.0,1986,10,28,1
1986-10-29,10594.0,1986,10,29,2
1986-10-30,10504.0,1986,10,30,3
1986-10-31,10122.0,1986,10,31,4
1986-11-01,8717.0,1986,11,1,5
1986-11-02,8209.0,1986,11,2,6
1986-11-03,10593.0,1986,11,3,0
1986-11-04,11064.0,1986,11,4,1
1986-11-05,10471.0,1986,11,5,2
1986-11-06,10626.0,1986,11,6,3
1986-11-07,10680.0,1986,11,7,4
1986-11-08,8758.0,1986,11,8,5
1986-11-09,8339.0,1986,11,9,6
1986-11-10,10403.0,1986,11,10,0
1986-11-11,10875.0,1986,11,11,1
1986-11-12,10599.0,1986,11,12,2
1986-11-13,10245.0,1986,11,13,3
1986-11-14,10668.0,1986,11,14,4
1986-11-15,8465.0,1986,11,15,5
1986-11-16,8213.0,1986,11,16,6
1986-11-17,10534.0,1986,11,17,0
1986-11-18,11046.0,1986,11,18,1
1986-11-19,10590.0,1986,11,19,2
1986-11-20,10541.0,1986,11,20,3
1986-11-21,10856.0,1986,11,21,4
1986-11-22,8442.0,1986,11,22,5
1986-11-23,8186.0,1986,11,23,6
1986-11-24,10601.0,1986,11,24,0
1986-11-25,11101.0,1986,11,25,1
1986-11-26,10458.0,1986,11,26,2
1986-11-27,8015.0,1986,11,27,3
1986-11-28,9724.0,1986,11,28,4
1986-11-29,8362.0,1986,11,29,5
1986-11-30,8190.0,1986,11,30,6
1986-12-01,10612.0,1986,12,1,0
1986-12-02,11106.0,1986,12,2,1
1986-12-03,10650.0,1986,12,3,2
1986-12-04,10280.0,1986,12,4,3
1986-12-05,10441.0,1986,12,5,4
1986-12-06,8295.0,1986,12,6,5
1986-12-07,8087.0,1986,12,7,6
1986-12-08,10446.0,1986,12,8,0
1986-12-09,10963.0,1986,12,9,1
1986-12-10,10619.0,1986,12,10,2
1986-12-11,10403.0,1986,12,11,3
1986-12-12,10678.0,1986,12,12,4
1986-12-13,8502.0,1986,12,13,5
1986-12-14,8080.0,1986,12,14,6
1986-12-15,10866.0,1986,12,15,0
1986-12-16,11389.0,1986,12,16,1
1986-12-17,11217.0,1986,12,17,2
1986-12-18,11187.0,1986,12,18,3
1986-12-19,11628.0,1986,12,19,4
1986-12-20,8688.0,1986,12,20,5
1986-12-21,8146.0,1986,12,21,6
1986-12-22,10589.0,1986,12,22,0
1986-12-23,10533.0,1986,12,23,1
1986-12-24,9097.0,1986,12,24,2
1986-12-25,8107.0,1986,12,25,3
1986-12-26,10417.0,1986,12,26,4
1986-12-27,8821.0,1986,12,27,5
1986-12-28,8286.0,1986,12,28,6
1986-12-29,11298.0,1986,12,29,0
1986-12-30,12237.0,1986,12,30,1
1986-12-31,11388.0,1986,12,31,2
1987-01-01,8343.0,1987,1,1,3
1987-01-02,9530.0,1987,1,2,4
1987-01-03,8778.0,1987,1,3,5
1987-01-04,8259.0,1987,1,4,6
1987-01-05,10102.0,1987,1,5,0
1987-01-06,11016.0,1987,1,6,1
1987-01-07,10534.0,1987,1,7,2
1987-01-08,10462.0,1987,1,8,3
1987-01-09,10470.0,1987,1,9,4
1987-01-10,8645.0,1987,1,10,5
1987-01-11,8181.0,1987,1,11,6
1987-01-12,10385.0,1987,1,12,0
1987-01-13,10581.0,1987,1,13,1
1987-01-14,10456.0,1987,1,14,2
1987-01-15,10520.0,1987,1,15,3
1987-01-16,10633.0,1987,1,16,4
1987-01-17,8608.0,1987,1,17,5
1987-01-18,8095.0,1987,1,18,6
1987-01-19,10160.0,1987,1,19,0
1987-01-20,10670.0,1987,1,20,1
1987-01-21,10612.0,1987,1,21,2
1987-01-22,10602.0,1987,1,22,3
1987-01-23,10581.0,1987,1,23,4
1987-01-24,8582.0,1987,1,24,5
1987-01-25,8341.0,1987,1,25,6
1987-01-26,10297.0,1987,1,26,0
1987-01-27,10831.0,1987,1,27,1
1987-01-28,10811.0,1987,1,28,2
1987-01-29,10641.0,1987,1,29,3
1987-01-30,10712.0,1987,1,30,4
1987-01-31,8896.0,1987,1,31,5
1987-02-01,8403.0,1987,2,1,6
1987-02-02,10585.0,1987,2,2,0
1987-02-03,11039.0,1987,2,3,1
1987-02-04,10549.0,1987,2,4,2
1987-02-05,10529.0,1987,2,5,3
1987-02-06,10611.0,1987,2,6,4
1987-02-07,8735.0,1987,2,7,5
1987-02-08,8278.0,1987,2,8,6
1987-02-09,10414.0,1987,2,9,0
1987-02-10,10976.0,1987,2,10,1
1987-02-11,10649.0,1987,2,11,2
1987-02-12,10986.0,1987,2,12,3
1987-02-13,10256.0,1987,2,13,4
1987-02-14,9245.0,1987,2,14,5
1987-02-15,8384.0,1987,2,15,6
1987-02-16,10263.0,1987,2,16,0
1987-02-17,10930.0,1987,2,17,1
1987-02-18,10756.0,1987,2,18,2
1987-02-19,10488.0,1987,2,19,3
1987-02-20,10992.0,1987,2,20,4
1987-02-21,8840.0,1987,2,21,5
1987-02-22,8642.0,1987,2,22,6
1987-02-23,10752.0,1987,2,23,0
1987-02-24,11015.0,1987,2,24,1
1987-02-25,10863.0,1987,2,25,2
1987-02-26,10625.0,1987,2,26,3
1987-02-27,11010.0,1987,2,27,4
1987-02-28,8945.0,1987,2,28,5
1987-03-01,8485.0,1987,3,1,6
1987-03-02,10818.0,1987,3,2,0
1987-03-03,10931.0,1987,3,3,1
1987-03-04,10667.0,1987,3,4,2
1987-03-05,10971.0,1987,3,5,3
1987-03-06,11095.0,1987,3,6,4
1987-03-07,8754.0,1987,3,7,5
1987-03-08,8294.0,1987,3,8,6
1987-03-09,10809.0,1987,3,9,0
1987-03-10,11200.0,1987,3,10,1
1987-03-11,10697.0,1987,3,11,2
1987-03-12,10900.0,1987,3,12,3
1987-03-13,10399.0,1987,3,13,4
1987-03-14,8837.0,1987,3,14,5
1987-03-15,8318.0,1987,3,15,6
1987-03-16,10818.0,1987,3,16,0
1987-03-17,11226.0,1987,3,17,1
1987-03-18,11095.0,1987,3,18,2
1987-03-19,10948.0,1987,3,19,3
1987-03-20,11255.0,1987,3,20,4
1987-03-21,9006.0,1987,3,21,5
1987-03-22,8307.0,1987,3,22,6
1987-03-23,10830.0,1987,3,23,0
1987-03-24,11317.0,1987,3,24,1
1987-03-25,10802.0,1987,3,25,2
1987-03-26,10915.0,1987,3,26,3
1987-03-27,11057.0,1987,3,27,4
1987-03-28,8855.0,1987,3,28,5
1987-03-29,8355.0,1987,3,29,6
1987-03-30,10623.0,1987,3,30,0
1987-03-31,11196.0,1987,3,31,1
1987-04-01,10212.0,1987,4,1,2
1987-04-02,11069.0,1987,4,2,3
1987-04-03,11045.0,1987,4,3,4
1987-04-04,8819.0,1987,4,4,5
1987-04-05,8012.0,1987,4,5,6
1987-04-06,10765.0,1987,4,6,0
1987-04-07,11324.0,1987,4,7,1
1987-04-08,11006.0,1987,4,8,2
1987-04-09,10810.0,1987,4,9,3
1987-04-10,11284.0,1987,4,10,4
1987-04-11,9033.0,1987,4,11,5
1987-04-12,8535.0,1987,4,12,6
1987-04-13,10610.0,1987,4,13,0
1987-04-14,11417.0,1987,4,14,1
1987-04-15,11067.0,1987,4,15,2
1987-04-16,11175.0,1987,4,16,3
1987-04-17,10558.0,1987,4,17,4
1987-04-18,8925.0,1987,4,18,5
1987-04-19,8225.0,1987,4,19,6
1987-04-20,10594.0,1987,4,20,0
1987-04-21,11205.0,1987,4,21,1
1987-04-22,10972.0,1987,4,22,2
1987-04-23,10816.0,1987,4,23,3
1987-04-24,10847.0,1987,4,24,4
1987-04-25,8663.0,1987,4,25,5
1987-04-26,8286.0,1987,4,26,6
1987-04-27,10386.0,1987,4,27,0
1987-04-28,10895.0,1987,4,28,1
1987-04-29,10610.0,1987,4,29,2
1987-04-30,10900.0,1987,4,30,3
1987-05-01,10939.0,1987,5,1,4
1987-05-02,8879.0,1987,5,2,5
1987-05-03,8375.0,1987,5,3,6
1987-05-04,10808.0,1987,5,4,0
1987-05-05,11110.0,1987,5,5,1
1987-05-06,10826.0,1987,5,6,2
1987-05-07,10956.0,1987,5,7,3
1987-05-08,11198.0,1987,5,8,4
1987-05-09,8853.0,1987,5,9,5
1987-05-10,8567.0,1987,5,10,6
1987-05-11,10993.0,1987,5,11,0
1987-05-12,11413.0,1987,5,12,1
1987-05-13,10560.0,1987,5,13,2
1987-05-14,11038.0,1987,5,14,3
1987-05-15,11210.0,1987,5,15,4
1987-05-16,8893.0,1987,5,16,5
1987-05-17,8329.0,1987,5,17,6
1987-05-18,11208.0,1987,5,18,0
1987-05-19,11443.0,1987,5,19,1
1987-05-20,11226.0,1987,5,20,2
1987-05-21,11289.0,1987,5,21,3
1987-05-22,11620.0,1987,5,22,4
1987-05-23,8954.0,1987,5,23,5
1987-05-24,8368.0,1987,5,24,6
1987-05-25,8789.0,1987,5,25,0
1987-05-26,11131.0,1987,5,26,1
1987-05-27,11835.0,1987,5,27,2
1987-05-28,11437.0,1987,5,28,3
1987-05-29,11779.0,1987,5,29,4
1987-05-30,9276.0,1987,5,30,5
1987-05-31,8809.0,1987,5,31,6
1987-06-01,11099.0,1987,6,1,0
1987-06-02,11540.0,1987,6,2,1
1987-06-03,11180.0,1987,6,3,2
1987-06-04,11231.0,1987,6,4,3
1987-06-05,11360.0,1987,6,5,4
1987-06-06,9262.0,1987,6,6,5
1987-06-07,8551.0,1987,6,7,6
1987-06-08,11102.0,1987,6,8,0
1987-06-09,11498.0,1987,6,9,1
1987-06-10,11357.0,1987,6,10,2
1987-06-11,11290.0,1987,6,11,3
1987-06-12,11510.0,1987,6,12,4
1987-06-13,9254.0,1987,6,13,5
1987-06-14,8623.0,1987,6,14,6
1987-06-15,11453.0,1987,6,15,0
1987-06-16,11647.0,1987,6,16,1
1987-06-17,11471.0,1987,6,17,2
1987-06-18,11225.0,1987,6,18,3
1987-06-19,11461.0,1987,6,19,4
1987-06-20,9255.0,1987,6,20,5
1987-06-21,8886.0,1987,6,21,6
1987-06-22,11073.0,1987,6,22,0
1987-06-23,11433.0,1987,6,23,1
1987-06-24,11191.0,1987,6,24,2
1987-06-25,11427.0,1987,6,25,3
1987-06-26,11548.0,1987,6,26,4
1987-06-27,8988.0,1987,6,27,5
1987-06-28,8695.0,1987,6,28,6
1987-06-29,10869.0,1987,6,29,0
1987-06-30,11878.0,1987,6,30,1
1987-07-01,11440.0,1987,7,1,2
1987-07-02,11849.0,1987,7,2,3
1987-07-03,10153.0,1987,7,3,4
1987-07-04,8864.0,1987,7,4,5
1987-07-05,8645.0,1987,7,5,6
1987-07-06,10949.0,1987,7,6,0
1987-07-07,11864.0,1987,7,7,1
1987-07-08,11530.0,1987,7,8,2
1987-07-09,11404.0,1987,7,9,3
1987-07-10,11646.0,1987,7,10,4
1987-07-11,9305.0,1987,7,11,5
1987-07-12,8870.0,1987,7,12,6
1987-07-13,10955.0,1987,7,13,0
1987-07-14,11890.0,1987,7,14,1
1987-07-15,11356.0,1987,7,15,2
1987-07-16,11432.0,1987,7,16,3
1987-07-17,11518.0,1987,7,17,4
1987-07-18,9011.0,1987,7,18,5
1987-07-19,8859.0,1987,7,19,6
1987-07-20,11389.0,1987,7,20,0
1987-07-21,11854.0,1987,7,21,1
1987-07-22,11631.0,1987,7,22,2
1987-07-23,11579.0,1987,7,23,3
1987-07-24,11778.0,1987,7,24,4
1987-07-25,9530.0,1987,7,25,5
1987-07-26,9073.0,1987,7,26,6
1987-07-27,11604.0,1987,7,27,0
1987-07-28,12043.0,1987,7,28,1
1987-07-29,11590.0,1987,7,29,2
1987-07-30,11614.0,1987,7,30,3
1987-07-31,11493.0,1987,7,31,4
1987-08-01,9142.0,1987,8,1,5
1987-08-02,8896.0,1987,8,2,6
1987-08-03,11329.0,1987,8,3,0
1987-08-04,11720.0,1987,8,4,1
1987-08-05,11351.0,1987,8,5,2
1987-08-06,11336.0,1987,8,6,3
1987-08-07,11765.0,1987,8,7,4
1987-08-08,9421.0,1987,8,8,5
1987-08-09,8637.0,1987,8,9,6
1987-08-10,11476.0,1987,8,10,0
1987-08-11,11790.0,1987,8,11,1
1987-08-12,11341.0,1987,8,12,2
1987-08-13,11418.0,1987,8,13,3
1987-08-14,11472.0,1987,8,14,4
1987-08-15,9398.0,1987,8,15,5
1987-08-16,8858.0,1987,8,16,6
1987-08-17,11585.0,1987,8,17,0
1987-08-18,11896.0,1987,8,18,1
1987-08-19,11234.0,1987,8,19,2
1987-08-20,11440.0,1987,8,20,3
1987-08-21,11692.0,1987,8,21,4
1987-08-22,9313.0,1987,8,22,5
1987-08-23,8900.0,1987,8,23,6
1987-08-24,11056.0,1987,8,24,0
1987-08-25,11670.0,1987,8,25,1
1987-08-26,11462.0,1987,8,26,2
1987-08-27,11533.0,1987,8,27,3
1987-08-28,11616.0,1987,8,28,4
1987-08-29,9148.0,1987,8,29,5
1987-08-30,8798.0,1987,8,30,6
1987-08-31,10995.0,1987,8,31,0
1987-09-01,11734.0,1987,9,1,1
1987-09-02,11451.0,1987,9,2,2
1987-09-03,11472.0,1987,9,3,3
1987-09-04,11869.0,1987,9,4,4
1987-09-05,9392.0,1987,9,5,5
1987-09-06,8802.0,1987,9,6,6
1987-09-07,9330.0,1987,9,7,0
1987-09-08,11731.0,1987,9,8,1
1987-09-09,12178.0,1987,9,9,2
1987-09-10,12252.0,1987,9,10,3
1987-09-11,12351.0,1987,9,11,4
1987-09-12,9467.0,1987,9,12,5
1987-09-13,9024.0,1987,9,13,6
1987-09-14,11572.0,1987,9,14,0
1987-09-15,12140.0,1987,9,15,1
1987-09-16,11988.0,1987,9,16,2
1987-09-17,12106.0,1987,9,17,3
1987-09-18,12197.0,1987,9,18,4
1987-09-19,9828.0,1987,9,19,5
1987-09-20,9432.0,1987,9,20,6
1987-09-21,11875.0,1987,9,21,0
1987-09-22,12256.0,1987,9,22,1
1987-09-23,11682.0,1987,9,23,2
1987-09-24,11860.0,1987,9,24,3
1987-09-25,12173.0,1987,9,25,4
1987-09-26,9791.0,1987,9,26,5
1987-09-27,9147.0,1987,9,27,6
1987-09-28,11513.0,1987,9,28,0
1987-09-29,12085.0,1987,9,29,1
1987-09-30,11737.0,1987,9,30,2
1987-10-01,11791.0,1987,10,1,3
1987-10-02,11861.0,1987,10,2,4
1987-10-03,9238.0,1987,10,3,5
1987-10-04,8686.0,1987,10,4,6
1987-10-05,11368.0,1987,10,5,0
1987-10-06,11565.0,1987,10,6,1
1987-10-07,11256.0,1987,10,7,2
1987-10-08,11315.0,1987,10,8,3
1987-10-09,11254.0,1987,10,9,4
1987-10-10,9165.0,1987,10,10,5
1987-10-11,8543.0,1987,10,11,6
1987-10-12,10871.0,1987,10,12,0
1987-10-13,11433.0,1987,10,13,1
1987-10-14,11374.0,1987,10,14,2
1987-10-15,11419.0,1987,10,15,3
1987-10-16,11240.0,1987,10,16,4
1987-10-17,8972.0,1987,10,17,5
1987-10-18,8270.0,1987,10,18,6
1987-10-19,10844.0,1987,10,19,0
1987-10-20,11380.0,1987,10,20,1
1987-10-21,11190.0,1987,10,21,2
1987-10-22,10793.0,1987,10,22,3
1987-10-23,11160.0,1987,10,23,4
1987-10-24,8848.0,1987,10,24,5
1987-10-25,8849.0,1987,10,25,6
1987-10-26,10856.0,1987,10,26,0
1987-10-27,11116.0,1987,10,27,1
1987-10-28,11046.0,1987,10,28,2
1987-10-29,11100.0,1987,10,29,3
1987-10-30,11046.0,1987,10,30,4
1987-10-31,8885.0,1987,10,31,5
1987-11-01,8463.0,1987,11,1,6
1987-11-02,10791.0,1987,11,2,0
1987-11-03,11227.0,1987,11,3,1
1987-11-04,11132.0,1987,11,4,2
1987-11-05,10977.0,1987,11,5,3
1987-11-06,11099.0,1987,11,6,4
1987-11-07,8814.0,1987,11,7,5
1987-11-08,8433.0,1987,11,8,6
1987-11-09,10895.0,1987,11,9,0
1987-11-10,11390.0,1987,11,10,1
1987-11-11,11006.0,1987,11,11,2
1987-11-12,11006.0,1987,11,12,3
1987-11-13,10642.0,1987,11,13,4
1987-11-14,8877.0,1987,11,14,5
1987-11-15,8523.0,1987,11,15,6
1987-11-16,11017.0,1987,11,16,0
1987-11-17,11443.0,1987,11,17,1
1987-11-18,11020.0,1987,11,18,2
1987-11-19,10828.0,1987,11,19,3
1987-11-20,11249.0,1987,11,20,4
1987-11-21,8891.0,1987,11,21,5
1987-11-22,8476.0,1987,11,22,6
1987-11-23,11270.0,1987,11,23,0
1987-11-24,11545.0,1987,11,24,1
1987-11-25,11125.0,1987,11,25,2
1987-11-26,8318.0,1987,11,26,3
1987-11-27,10014.0,1987,11,27,4
1987-11-28,8685.0,1987,11,28,5
1987-11-29,8416.0,1987,11,29,6
1987-11-30,11085.0,1987,11,30,0
1987-12-01,11807.0,1987,12,1,1
1987-12-02,10936.0,1987,12,2,2
1987-12-03,10865.0,1987,12,3,3
1987-12-04,10895.0,1987,12,4,4
1987-12-05,8655.0,1987,12,5,5
1987-12-06,8483.0,1987,12,6,6
1987-12-07,10667.0,1987,12,7,0
1987-12-08,11179.0,1987,12,8,1
1987-12-09,10844.0,1987,12,9,2
1987-12-10,10937.0,1987,12,10,3
1987-12-11,11035.0,1987,12,11,4
1987-12-12,8807.0,1987,12,12,5
1987-12-13,8239.0,1987,12,13,6
1987-12-14,10933.0,1987,12,14,0
1987-12-15,11533.0,1987,12,15,1
1987-12-16,11132.0,1987,12,16,2
1987-12-17,11394.0,1987,12,17,3
1987-12-18,11872.0,1987,12,18,4
1987-12-19,8920.0,1987,12,19,5
1987-12-20,8360.0,1987,12,20,6
1987-12-21,11531.0,1987,12,21,0
1987-12-22,11162.0,1987,12,22,1
1987-12-23,10301.0,1987,12,23,2
1987-12-24,8919.0,1987,12,24,3
1987-12-25,7881.0,1987,12,25,4
1987-12-26,8446.0,1987,12,26,5
1987-12-27,8541.0,1987,12,27,6
1987-12-28,11462.0,1987,12,28,0
1987-12-29,12181.0,1987,12,29,1
1987-12-30,11843.0,1987,12,30,2
1987-12-31,10812.0,1987,12,31,3
1988-01-01,8494.0,1988,1,1,4
1988-01-02,8049.0,1988,1,2,5
1988-01-03,8177.0,1988,1,3,6
1988-01-04,10202.0,1988,1,4,0
1988-01-05,10927.0,1988,1,5,1
1988-01-06,10669.0,1988,1,6,2
1988-01-07,10814.0,1988,1,7,3
1988-01-08,10748.0,1988,1,8,4
1988-01-09,8645.0,1988,1,9,5
1988-01-10,8299.0,1988,1,10,6
1988-01-11,10652.0,1988,1,11,0
1988-01-12,11173.0,1988,1,12,1
1988-01-13,10685.0,1988,1,13,2
1988-01-14,10781.0,1988,1,14,3
1988-01-15,11141.0,1988,1,15,4
1988-01-16,8835.0,1988,1,16,5
1988-01-17,8516.0,1988,1,17,6
1988-01-18,10617.0,1988,1,18,0
1988-01-19,11156.0,1988,1,19,1
1988-01-20,11001.0,1988,1,20,2
1988-01-21,10949.0,1988,1,21,3
1988-01-22,10927.0,1988,1,22,4
1988-01-23,8728.0,1988,1,23,5
1988-01-24,8573.0,1988,1,24,6
1988-01-25,10784.0,1988,1,25,0
1988-01-26,10971.0,1988,1,26,1
1988-01-27,10865.0,1988,1,27,2
1988-01-28,10689.0,1988,1,28,3
1988-01-29,11019.0,1988,1,29,4
1988-01-30,8899.0,1988,1,30,5
1988-01-31,8515.0,1988,1,31,6
1988-02-01,10747.0,1988,2,1,0
1988-02-02,11370.0,1988,2,2,1
1988-02-03,10879.0,1988,2,3,2
1988-02-04,10802.0,1988,2,4,3
1988-02-05,10944.0,1988,2,5,4
1988-02-06,8721.0,1988,2,6,5
1988-02-07,8310.0,1988,2,7,6
1988-02-08,10624.0,1988,2,8,0
1988-02-09,11268.0,1988,2,9,1
1988-02-10,11170.0,1988,2,10,2
1988-02-11,11020.0,1988,2,11,3
1988-02-12,11160.0,1988,2,12,4
1988-02-13,8720.0,1988,2,13,5
1988-02-14,8730.0,1988,2,14,6
1988-02-15,10360.0,1988,2,15,0
1988-02-16,11259.0,1988,2,16,1
1988-02-17,11162.0,1988,2,17,2
1988-02-18,11040.0,1988,2,18,3
1988-02-19,11129.0,1988,2,19,4
1988-02-20,9208.0,1988,2,20,5
1988-02-21,8422.0,1988,2,21,6
1988-02-22,10833.0,1988,2,22,0
1988-02-23,11001.0,1988,2,23,1
1988-02-24,10681.0,1988,2,24,2
1988-02-25,10792.0,1988,2,25,3
1988-02-26,11084.0,1988,2,26,4
1988-02-27,9018.0,1988,2,27,5
1988-02-28,8499.0,1988,2,28,6
1988-02-29,9798.0,1988,2,29,0
1988-03-01,11501.0,1988,3,1,1
1988-03-02,11017.0,1988,3,2,2
1988-03-03,11090.0,1988,3,3,3
1988-03-04,11010.0,1988,3,4,4
1988-03-05,8917.0,1988,3,5,5
1988-03-06,8383.0,1988,3,6,6
1988-03-07,10536.0,1988,3,7,0
1988-03-08,11309.0,1988,3,8,1
1988-03-09,10721.0,1988,3,9,2
1988-03-10,10873.0,1988,3,10,3
1988-03-11,10790.0,1988,3,11,4
1988-03-12,8723.0,1988,3,12,5
1988-03-13,8291.0,1988,3,13,6
1988-03-14,10379.0,1988,3,14,0
1988-03-15,11103.0,1988,3,15,1
1988-03-16,11043.0,1988,3,16,2
1988-03-17,10918.0,1988,3,17,3
1988-03-18,11089.0,1988,3,18,4
1988-03-19,8755.0,1988,3,19,5
1988-03-20,8646.0,1988,3,20,6
1988-03-21,10906.0,1988,3,21,0
1988-03-22,11288.0,1988,3,22,1
1988-03-23,10980.0,1988,3,23,2
1988-03-24,11045.0,1988,3,24,3
1988-03-25,11279.0,1988,3,25,4
1988-03-26,9168.0,1988,3,26,5
1988-03-27,8534.0,1988,3,27,6
1988-03-28,10780.0,1988,3,28,0
1988-03-29,11405.0,1988,3,29,1
1988-03-30,10882.0,1988,3,30,2
1988-03-31,10880.0,1988,3,31,3
1988-04-01,10298.0,1988,4,1,4
1988-04-02,8965.0,1988,4,2,5
1988-04-03,8128.0,1988,4,3,6
1988-04-04,11021.0,1988,4,4,0
1988-04-05,11522.0,1988,4,5,1
1988-04-06,11084.0,1988,4,6,2
1988-04-07,10886.0,1988,4,7,3
1988-04-08,11061.0,1988,4,8,4
1988-04-09,8701.0,1988,4,9,5
1988-04-10,8502.0,1988,4,10,6
1988-04-11,10922.0,1988,4,11,0
1988-04-12,11232.0,1988,4,12,1
1988-04-13,10534.0,1988,4,13,2
1988-04-14,10877.0,1988,4,14,3
1988-04-15,11115.0,1988,4,15,4
1988-04-16,8896.0,1988,4,16,5
1988-04-17,8300.0,1988,4,17,6
1988-04-18,10934.0,1988,4,18,0
1988-04-19,11044.0,1988,4,19,1
1988-04-20,11020.0,1988,4,20,2
1988-04-21,10942.0,1988,4,21,3
1988-04-22,11294.0,1988,4,22,4
1988-04-23,9165.0,1988,4,23,5
1988-04-24,8485.0,1988,4,24,6
1988-04-25,11004.0,1988,4,25,0
1988-04-26,11400.0,1988,4,26,1
1988-04-27,11061.0,1988,4,27,2
1988-04-28,11329.0,1988,4,28,3
1988-04-29,10836.0,1988,4,29,4
1988-04-30,8904.0,1988,4,30,5
1988-05-01,8474.0,1988,5,1,6
1988-05-02,10564.0,1988,5,2,0
1988-05-03,11095.0,1988,5,3,1
1988-05-04,10931.0,1988,5,4,2
1988-05-05,11038.0,1988,5,5,3
1988-05-06,11271.0,1988,5,6,4
1988-05-07,8991.0,1988,5,7,5
1988-05-08,8692.0,1988,5,8,6
1988-05-09,11077.0,1988,5,9,0
1988-05-10,11664.0,1988,5,10,1
1988-05-11,11319.0,1988,5,11,2
1988-05-12,11207.0,1988,5,12,3
1988-05-13,10931.0,1988,5,13,4
1988-05-14,8949.0,1988,5,14,5
1988-05-15,8764.0,1988,5,15,6
1988-05-16,11267.0,1988,5,16,0
1988-05-17,11593.0,1988,5,17,1
1988-05-18,11311.0,1988,5,18,2
1988-05-19,11110.0,1988,5,19,3
1988-05-20,11452.0,1988,5,20,4
1988-05-21,8955.0,1988,5,21,5
1988-05-22,8816.0,1988,5,22,6
1988-05-23,11355.0,1988,5,23,0
1988-05-24,11862.0,1988,5,24,1
1988-05-25,11464.0,1988,5,25,2
1988-05-26,11494.0,1988,5,26,3
1988-05-27,11712.0,1988,5,27,4
1988-05-28,9342.0,1988,5,28,5
1988-05-29,8741.0,1988,5,29,6
1988-05-30,9253.0,1988,5,30,0
1988-05-31,11586.0,1988,5,31,1
1988-06-01,12037.0,1988,6,1,2
1988-06-02,11911.0,1988,6,2,3
1988-06-03,11462.0,1988,6,3,4
1988-06-04,9219.0,1988,6,4,5
1988-06-05,8791.0,1988,6,5,6
1988-06-06,11392.0,1988,6,6,0
1988-06-07,11573.0,1988,6,7,1
1988-06-08,11495.0,1988,6,8,2
1988-06-09,11519.0,1988,6,9,3
1988-06-10,11549.0,1988,6,10,4
1988-06-11,9099.0,1988,6,11,5
1988-06-12,8674.0,1988,6,12,6
1988-06-13,11097.0,1988,6,13,0
1988-06-14,11915.0,1988,6,14,1
1988-06-15,11651.0,1988,6,15,2
1988-06-16,11656.0,1988,6,16,3
1988-06-17,11639.0,1988,6,17,4
1988-06-18,9380.0,1988,6,18,5
1988-06-19,9038.0,1988,6,19,6
1988-06-20,11552.0,1988,6,20,0
1988-06-21,12040.0,1988,6,21,1
1988-06-22,11779.0,1988,6,22,2
1988-06-23,11786.0,1988,6,23,3
1988-06-24,11698.0,1988,6,24,4
1988-06-25,9470.0,1988,6,25,5
1988-06-26,8858.0,1988,6,26,6
1988-06-27,11166.0,1988,6,27,0
1988-06-28,12165.0,1988,6,28,1
1988-06-29,11629.0,1988,6,29,2
1988-06-30,11980.0,1988,6,30,3
1988-07-01,11825.0,1988,7,1,4
1988-07-02,9611.0,1988,7,2,5
1988-07-03,8988.0,1988,7,3,6
1988-07-04,9259.0,1988,7,4,0
1988-07-05,11715.0,1988,7,5,1
1988-07-06,12488.0,1988,7,6,2
1988-07-07,12727.0,1988,7,7,3
1988-07-08,12424.0,1988,7,8,4
1988-07-09,9923.0,1988,7,9,5
1988-07-10,9408.0,1988,7,10,6
1988-07-11,11979.0,1988,7,11,0
1988-07-12,12068.0,1988,7,12,1
1988-07-13,11753.0,1988,7,13,2
1988-07-14,11953.0,1988,7,14,3
1988-07-15,12429.0,1988,7,15,4
1988-07-16,9835.0,1988,7,16,5
1988-07-17,9308.0,1988,7,17,6
1988-07-18,11699.0,1988,7,18,0
1988-07-19,12185.0,1988,7,19,1
1988-07-20,12096.0,1988,7,20,2
1988-07-21,11927.0,1988,7,21,3
1988-07-22,12112.0,1988,7,22,4
1988-07-23,9796.0,1988,7,23,5
1988-07-24,9129.0,1988,7,24,6
1988-07-25,11641.0,1988,7,25,0
1988-07-26,12344.0,1988,7,26,1
1988-07-27,12164.0,1988,7,27,2
1988-07-28,12195.0,1988,7,28,3
1988-07-29,12304.0,1988,7,29,4
1988-07-30,10185.0,1988,7,30,5
1988-07-31,9361.0,1988,7,31,6
1988-08-01,11806.0,1988,8,1,0
1988-08-02,12165.0,1988,8,2,1
1988-08-03,11945.0,1988,8,3,2
1988-08-04,12156.0,1988,8,4,3
1988-08-05,12174.0,1988,8,5,4
1988-08-06,9955.0,1988,8,6,5
1988-08-07,9207.0,1988,8,7,6
1988-08-08,12413.0,1988,8,8,0
1988-08-09,12282.0,1988,8,9,1
1988-08-10,12015.0,1988,8,10,2
1988-08-11,12204.0,1988,8,11,3
1988-08-12,12226.0,1988,8,12,4
1988-08-13,9917.0,1988,8,13,5
1988-08-14,9434.0,1988,8,14,6
1988-08-15,11769.0,1988,8,15,0
1988-08-16,12434.0,1988,8,16,1
1988-08-17,11996.0,1988,8,17,2
1988-08-18,12328.0,1988,8,18,3
1988-08-19,12167.0,1988,8,19,4
1988-08-20,9762.0,1988,8,20,5
1988-08-21,9271.0,1988,8,21,6
1988-08-22,11683.0,1988,8,22,0
1988-08-23,12236.0,1988,8,23,1
1988-08-24,11931.0,1988,8,24,2
1988-08-25,12106.0,1988,8,25,3
1988-08-26,12243.0,1988,8,26,4
1988-08-27,9724.0,1988,8,27,5
1988-08-28,9270.0,1988,8,28,6
1988-08-29,11597.0,1988,8,29,0
1988-08-30,12280.0,1988,8,30,1
1988-08-31,11903.0,1988,8,31,2
1988-09-01,11867.0,1988,9,1,3
1988-09-02,12251.0,1988,9,2,4
1988-09-03,9966.0,1988,9,3,5
1988-09-04,9250.0,1988,9,4,6
1988-09-05,9292.0,1988,9,5,0
1988-09-06,12084.0,1988,9,6,1
1988-09-07,12509.0,1988,9,7,2
1988-09-08,12351.0,1988,9,8,3
1988-09-09,12661.0,1988,9,9,4
1988-09-10,9968.0,1988,9,10,5
1988-09-11,9505.0,1988,9,11,6
1988-09-12,12062.0,1988,9,12,0
1988-09-13,12451.0,1988,9,13,1
1988-09-14,12551.0,1988,9,14,2
1988-09-15,12398.0,1988,9,15,3
1988-09-16,12620.0,1988,9,16,4
1988-09-17,10362.0,1988,9,17,5
1988-09-18,9848.0,1988,9,18,6
1988-09-19,12332.0,1988,9,19,0
1988-09-20,12851.0,1988,9,20,1
1988-09-21,12426.0,1988,9,21,2
1988-09-22,12554.0,1988,9,22,3
1988-09-23,12694.0,1988,9,23,4
1988-09-24,9978.0,1988,9,24,5
1988-09-25,9489.0,1988,9,25,6
1988-09-26,12037.0,1988,9,26,0
1988-09-27,12454.0,1988,9,27,1
1988-09-28,11956.0,1988,9,28,2
1988-09-29,12247.0,1988,9,29,3
1988-09-30,12263.0,1988,9,30,4
1988-10-01,9802.0,1988,10,1,5
1988-10-02,9091.0,1988,10,2,6
1988-10-03,11684.0,1988,10,3,0
1988-10-04,12072.0,1988,10,4,1
1988-10-05,11618.0,1988,10,5,2
1988-10-06,11740.0,1988,10,6,3
1988-10-07,11767.0,1988,10,7,4
1988-10-08,9330.0,1988,10,8,5
1988-10-09,9084.0,1988,10,9,6
1988-10-10,11367.0,1988,10,10,0
1988-10-11,11836.0,1988,10,11,1
1988-10-12,11563.0,1988,10,12,2
1988-10-13,11178.0,1988,10,13,3
1988-10-14,11618.0,1988,10,14,4
1988-10-15,9381.0,1988,10,15,5
1988-10-16,8751.0,1988,10,16,6
1988-10-17,11503.0,1988,10,17,0
1988-10-18,11893.0,1988,10,18,1
1988-10-19,11106.0,1988,10,19,2
1988-10-20,11329.0,1988,10,20,3
1988-10-21,11197.0,1988,10,21,4
1988-10-22,9215.0,1988,10,22,5
1988-10-23,8671.0,1988,10,23,6
1988-10-24,11261.0,1988,10,24,0
1988-10-25,11650.0,1988,10,25,1
1988-10-26,11416.0,1988,10,26,2
1988-10-27,11083.0,1988,10,27,3
1988-10-28,11508.0,1988,10,28,4
1988-10-29,8989.0,1988,10,29,5
1988-10-30,8950.0,1988,10,30,6
1988-10-31,9979.0,1988,10,31,0
1988-11-01,11862.0,1988,11,1,1
1988-11-02,11050.0,1988,11,2,2
1988-11-03,11320.0,1988,11,3,3
1988-11-04,11552.0,1988,11,4,4
1988-11-05,9157.0,1988,11,5,5
1988-11-06,8733.0,1988,11,6,6
1988-11-07,11184.0,1988,11,7,0
1988-11-08,11374.0,1988,11,8,1
1988-11-09,11127.0,1988,11,9,2
1988-11-10,11154.0,1988,11,10,3
1988-11-11,11160.0,1988,11,11,4
1988-11-12,9047.0,1988,11,12,5
1988-11-13,8475.0,1988,11,13,6
1988-11-14,10975.0,1988,11,14,0
1988-11-15,11408.0,1988,11,15,1
1988-11-16,10972.0,1988,11,16,2
1988-11-17,11206.0,1988,11,17,3
1988-11-18,11465.0,1988,11,18,4
1988-11-19,8982.0,1988,11,19,5
1988-11-20,8435.0,1988,11,20,6
1988-11-21,11358.0,1988,11,21,0
1988-11-22,11864.0,1988,11,22,1
1988-11-23,10961.0,1988,11,23,2
1988-11-24,8524.0,1988,11,24,3
1988-11-25,10098.0,1988,11,25,4
1988-11-26,8912.0,1988,11,26,5
1988-11-27,8510.0,1988,11,27,6
1988-11-28,11049.0,1988,11,28,0
1988-11-29,11523.0,1988,11,29,1
1988-11-30,11229.0,1988,11,30,2
1988-12-01,11227.0,1988,12,1,3
1988-12-02,10899.0,1988,12,2,4
1988-12-03,8870.0,1988,12,3,5
1988-12-04,8324.0,1988,12,4,6
1988-12-05,10651.0,1988,12,5,0
1988-12-06,11297.0,1988,12,6,1
1988-12-07,11095.0,1988,12,7,2
1988-12-08,11131.0,1988,12,8,3
1988-12-09,10878.0,1988,12,9,4
1988-12-10,8825.0,1988,12,10,5
1988-12-11,8452.0,1988,12,11,6
1988-12-12,10959.0,1988,12,12,0
1988-12-13,11283.0,1988,12,13,1
1988-12-14,11362.0,1988,12,14,2
1988-12-15,11364.0,1988,12,15,3
1988-12-16,11463.0,1988,12,16,4
1988-12-17,8756.0,1988,12,17,5
1988-12-18,8431.0,1988,12,18,6
1988-12-19,11716.0,1988,12,19,0
1988-12-20,12435.0,1988,12,20,1
1988-12-21,11323.0,1988,12,21,2
1988-12-22,10729.0,1988,12,22,3
1988-12-23,9997.0,1988,12,23,4
1988-12-24,8293.0,1988,12,24,5
1988-12-25,7835.0,1988,12,25,6
1988-12-26,8683.0,1988,12,26,0
1988-12-27,11528.0,1988,12,27,1
1988-12-28,11847.0,1988,12,28,2
1988-12-29,11704.0,1988,12,29,3
1988-12-30,11837.0,1988,12,30,4
1988-12-31,9133.0,1988,12,31,5
